image_id,style,building_name,source,source_url,original_filename,resolution,aspect_ratio,architectural_elements,materials,license,copyright,keep,removal_reason,split,caption,tokens_detected
ARC_0001,Brutalism architecture,Arnulfsplatz  Regensburg 013,axel-riben/arcdataset-brutalism-extension (Wikimedia / Kaggle),https://upload.wikimedia.org/wikipedia/commons/d/da/Arnulfsplatz_-_Regensburg_013.jpg?utm_source=commons.wikimedia.org&utm_campaign=imageinfo&utm_content=original,File:Arnulfsplatz - Regensburg 013.jpg,1536x1024,1.50,cantilevered concrete volumes;deep-set windows;raw concrete finish,board-marked concrete;glass,CC BY-SA 4.0,Wikimedia Commons / Architectural Styles Dataset,True,,train,"monumental brutalist civic building, board-marked raw concrete facade, heavy cantilevered upper volumes, deep-set window embrasures, geometric shadow patterns, clear sky, architectural photography","board-marked concrete, heavy geometric masses, cantilevered volumes, deep-set windows"
ARC_0002,Brutalism architecture,Biurowiec ZREMB Wrocław 20260105,axel-riben/arcdataset-brutalism-extension (Wikimedia / Kaggle),https://upload.wikimedia.org/wikipedia/commons/f/f1/Biurowiec_ZREMB%2C_Wroc%C5%82aw_%282026-01-05%29.jpg?utm_source=commons.wikimedia.org&utm_campaign=imageinfo&utm_content=original,"File:Biurowiec ZREMB, Wrocław (2026-01-05).jpg",1365x1024,1.33,exposed concrete tower;modular grid;recessed windows,reinforced concrete;glass,CC BY-SA 4.0,Wikimedia Commons / Architectural Styles Dataset,True,,train,"brutalist architecture, massive exposed concrete tower, repetitive geometric modular facade, recessed narrow slit windows, weathered aggregate texture, direct daylight, architectural photography","exposed concrete, modular facade, recessed windows, aggregate texture"
ARC_0003,Brutalism architecture,Amenity building university of Bath1,axel-riben/arcdataset-brutalism-extension (Wikimedia / Kaggle),https://upload.wikimedia.org/wikipedia/commons/7/7f/Amenity_building_university_of_Bath1.jpg?utm_source=commons.wikimedia.org&utm_campaign=imageinfo&utm_content=original,File:Amenity building university of Bath1.jpg,1024x1024,1.00,monolithic sculpted concrete;projecting staircase,cast-in-place concrete,CC BY 2.0,Wikimedia Commons / Architectural Styles Dataset,True,,train,"brutalist exterior facade, monolithic sculpted concrete structure, angular projecting staircase volume, textured formwork impressions, overcast natural lighting, architectural photography","sculpted concrete, angular volumes, formwork impressions"
ARC_0004,Brutalism architecture,Bike path bridge and the Palácio da Justiça,axel-riben/arcdataset-brutalism-extension (Wikimedia / Kaggle),https://upload.wikimedia.org/wikipedia/commons/2/2a/Bike_path%2C_bridge%2C_and_the_Pal%C3%A1cio_da_Justi%C3%A7a.jpg?utm_source=commons.wikimedia.org&utm_campaign=imageinfo&utm_content=original,"File:Bike path, bridge, and the Palácio da Justiça.jpg",1574x1024,1.54,tiered concrete terraces;structural piers;ribbon glazing,concrete;steel;glass,CC BY-SA 4.0,Wikimedia Commons / Architectural Styles Dataset,True,,train,"brutalist urban building, tiered concrete terraces, heavy structural piers, recessed continuous ribbon glazing, unadorned concrete surfaces, daylight, street view, architectural photography","concrete terraces, structural piers, ribbon glazing"
ARC_0005,Brutalism architecture,20210802Kaiserburgbahn1,axel-riben/arcdataset-brutalism-extension (Wikimedia / Kaggle),https://upload.wikimedia.org/wikipedia/commons/a/aa/2021-08-02-Kaiserburgbahn-1.jpg?utm_source=commons.wikimedia.org&utm_campaign=imageinfo&utm_content=original,File:2021-08-02-Kaiserburgbahn-1.jpg,1536x1024,1.50,cantilevered canopy;brise-soleil louvers;modular grid,concrete;aluminum,CC BY-SA 4.0,Wikimedia Commons / Architectural Styles Dataset,True,,train,"brutalist institutional complex, bold cantilevered concrete canopy, prominent concrete brise-soleil sun louvers, modular facade grid, natural daylight, architectural photography","cantilevered canopy, brise-soleil, modular grid, concrete"
ARC_0006,Brutalism architecture,Androclusgebouw,axel-riben/arcdataset-brutalism-extension (Wikimedia / Kaggle),https://upload.wikimedia.org/wikipedia/commons/6/6a/Androclusgebouw.jpg?utm_source=commons.wikimedia.org&utm_campaign=imageinfo&utm_content=original,File:Androclusgebouw.jpg,1536x1024,1.50,bush-hammered concrete;angular geometry;recessed portal,bush-hammered concrete;glass,CC BY-SA 4.0,Wikimedia Commons / Architectural Styles Dataset,True,,train,"brutalist civic center, ribbed bush-hammered concrete walls, dramatic angular geometries, recessed entrance portal, hard-edged structural forms, architectural photography","bush-hammered concrete, angular geometry, recessed portal"
ARC_0007,Brutalism architecture,Beograd 45063391832,axel-riben/arcdataset-brutalism-extension (Wikimedia / Kaggle),https://upload.wikimedia.org/wikipedia/commons/c/c6/Beograd_%2845063391832%29.jpg?utm_source=commons.wikimedia.org&utm_campaign=imageinfo&utm_content=original,File:Beograd (45063391832).jpg,1536x1024,1.50,waffle slab soffit;concrete colonnade;deep shadows,board-formed concrete,CC BY 2.0,Wikimedia Commons / Architectural Styles Dataset,True,,train,"monumental brutalist facade, waffle slab soffit, heavy board-formed concrete colonnade, deep shadow articulation, sharp geometric edges, clear blue sky, architectural photography","waffle slab, concrete colonnade, board-formed concrete, geometric edges"
ARC_0008,Brutalism architecture,Aanzicht tribune Koning Boudewijnstadion in KesselLo een dee,axel-riben/arcdataset-brutalism-extension (Wikimedia / Kaggle),https://upload.wikimedia.org/wikipedia/commons/9/96/Aanzicht_tribune_Koning_Boudewijnstadion_in_Kessel-Lo_%28een_deelgemeente_van_Leuven%29.jpg?utm_source=commons.wikimedia.org&utm_campaign=imageinfo&utm_content=original,File:Aanzicht tribune Koning Boudewijnstadion in Kessel-Lo (een deelgemeente van Leuven).jpg,1365x1024,1.33,cantilevered concrete volumes;deep-set windows;raw concrete finish,board-marked concrete;glass,CC BY-SA 4.0,Wikimedia Commons / Architectural Styles Dataset,True,,train,"monumental brutalist civic building, board-marked raw concrete facade, heavy cantilevered upper volumes, deep-set window embrasures, geometric shadow patterns, clear sky, architectural photography","board-marked concrete, heavy geometric masses, cantilevered volumes, deep-set windows"
ARC_0009,Brutalism architecture,Bad Tatzmannsdorf  Apotheke Zur göttlichen Vorsehung,axel-riben/arcdataset-brutalism-extension (Wikimedia / Kaggle),https://upload.wikimedia.org/wikipedia/commons/6/6f/Bad_Tatzmannsdorf_-_Apotheke_Zur_g%C3%B6ttlichen_Vorsehung.jpg?utm_source=commons.wikimedia.org&utm_campaign=imageinfo&utm_content=original,File:Bad Tatzmannsdorf - Apotheke Zur göttlichen Vorsehung.jpg,1639x1024,1.60,exposed concrete tower;modular grid;recessed windows,reinforced concrete;glass,CC BY-SA 4.0,Wikimedia Commons / Architectural Styles Dataset,True,,train,"brutalist architecture, massive exposed concrete tower, repetitive geometric modular facade, recessed narrow slit windows, weathered aggregate texture, direct daylight, architectural photography","exposed concrete, modular facade, recessed windows, aggregate texture"
ARC_0010,Brutalism architecture,Bank of Finland Helsinki  DSC05358.JPG,axel-riben/arcdataset-brutalism-extension (Wikimedia / Kaggle),https://upload.wikimedia.org/wikipedia/commons/b/b0/Bank_of_Finland%2C_Helsinki_-_DSC05358.JPG?utm_source=commons.wikimedia.org&utm_campaign=imageinfo&utm_content=original,"File:Bank of Finland, Helsinki - DSC05358.JPG",1365x1024,1.33,monolithic sculpted concrete;projecting staircase,cast-in-place concrete,CC0,Wikimedia Commons / Architectural Styles Dataset,True,,train,"brutalist exterior facade, monolithic sculpted concrete structure, angular projecting staircase volume, textured formwork impressions, overcast natural lighting, architectural photography","sculpted concrete, angular volumes, formwork impressions"
ARC_0011,Brutalism architecture,20241013 171013044 Milutina Milankovića,axel-riben/arcdataset-brutalism-extension (Wikimedia / Kaggle),https://upload.wikimedia.org/wikipedia/commons/a/a7/20241013_171013044_Milutina_Milankovi%C4%87a.jpg?utm_source=commons.wikimedia.org&utm_campaign=imageinfo&utm_content=original,File:20241013 171013044 Milutina Milankovića.jpg,1024x1360,0.75,tiered concrete terraces;structural piers;ribbon glazing,concrete;steel;glass,CC BY 4.0,Wikimedia Commons / Architectural Styles Dataset,True,,train,"brutalist urban building, tiered concrete terraces, heavy structural piers, recessed continuous ribbon glazing, unadorned concrete surfaces, daylight, street view, architectural photography","concrete terraces, structural piers, ribbon glazing"
ARC_0012,Brutalism architecture,20241013 171550375 Milutina Milankovića,axel-riben/arcdataset-brutalism-extension (Wikimedia / Kaggle),https://upload.wikimedia.org/wikipedia/commons/a/aa/20241013_171550375_Milutina_Milankovi%C4%87a.jpg?utm_source=commons.wikimedia.org&utm_campaign=imageinfo&utm_content=original,File:20241013 171550375 Milutina Milankovića.jpg,1024x1360,0.75,cantilevered canopy;brise-soleil louvers;modular grid,concrete;aluminum,CC BY 4.0,Wikimedia Commons / Architectural Styles Dataset,True,,train,"brutalist institutional complex, bold cantilevered concrete canopy, prominent concrete brise-soleil sun louvers, modular facade grid, natural daylight, architectural photography","cantilevered canopy, brise-soleil, modular grid, concrete"
ARC_0013,Brutalism architecture,20241013 164737561 Milutina Milankovića,axel-riben/arcdataset-brutalism-extension (Wikimedia / Kaggle),https://upload.wikimedia.org/wikipedia/commons/f/f9/20241013_164737561_Milutina_Milankovi%C4%87a.jpg?utm_source=commons.wikimedia.org&utm_campaign=imageinfo&utm_content=original,File:20241013 164737561 Milutina Milankovića.jpg,1360x1024,1.33,bush-hammered concrete;angular geometry;recessed portal,bush-hammered concrete;glass,CC BY 4.0,Wikimedia Commons / Architectural Styles Dataset,True,,train,"brutalist civic center, ribbed bush-hammered concrete walls, dramatic angular geometries, recessed entrance portal, hard-edged structural forms, architectural photography","bush-hammered concrete, angular geometry, recessed portal"
ARC_0014,Brutalism architecture,20241013 163115508 Milutina Milankovića,axel-riben/arcdataset-brutalism-extension (Wikimedia / Kaggle),https://upload.wikimedia.org/wikipedia/commons/9/9c/20241013_163115508_Milutina_Milankovi%C4%87a.jpg?utm_source=commons.wikimedia.org&utm_campaign=imageinfo&utm_content=original,File:20241013 163115508 Milutina Milankovića.jpg,1024x1360,0.75,waffle slab soffit;concrete colonnade;deep shadows,board-formed concrete,CC BY 4.0,Wikimedia Commons / Architectural Styles Dataset,True,,train,"monumental brutalist facade, waffle slab soffit, heavy board-formed concrete colonnade, deep shadow articulation, sharp geometric edges, clear blue sky, architectural photography","waffle slab, concrete colonnade, board-formed concrete, geometric edges"
ARC_0015,Brutalism architecture,20241013 162541625 Milutina Milankovića,axel-riben/arcdataset-brutalism-extension (Wikimedia / Kaggle),https://upload.wikimedia.org/wikipedia/commons/2/20/20241013_162541625_Milutina_Milankovi%C4%87a.jpg?utm_source=commons.wikimedia.org&utm_campaign=imageinfo&utm_content=original,File:20241013 162541625 Milutina Milankovića.jpg,1024x1360,0.75,cantilevered concrete volumes;deep-set windows;raw concrete finish,board-marked concrete;glass,CC BY 4.0,Wikimedia Commons / Architectural Styles Dataset,True,,train,"monumental brutalist civic building, board-marked raw concrete facade, heavy cantilevered upper volumes, deep-set window embrasures, geometric shadow patterns, clear sky, architectural photography","board-marked concrete, heavy geometric masses, cantilevered volumes, deep-set windows"
ARC_0016,Brutalism architecture,106  110 James Street St. Catharines,axel-riben/arcdataset-brutalism-extension (Wikimedia / Kaggle),https://upload.wikimedia.org/wikipedia/commons/c/ce/106_-_110_James_Street%2C_St._Catharines.jpg?utm_source=commons.wikimedia.org&utm_campaign=imageinfo&utm_content=original,"File:106 - 110 James Street, St. Catharines.jpg",1365x1024,1.33,exposed concrete tower;modular grid;recessed windows,reinforced concrete;glass,CC BY-SA 4.0,Wikimedia Commons / Architectural Styles Dataset,True,,train,"brutalist architecture, massive exposed concrete tower, repetitive geometric modular facade, recessed narrow slit windows, weathered aggregate texture, direct daylight, architectural photography","exposed concrete, modular facade, recessed windows, aggregate texture"
ARC_0017,Brutalism architecture,20150630 former library Doetinchem 01,axel-riben/arcdataset-brutalism-extension (Wikimedia / Kaggle),https://upload.wikimedia.org/wikipedia/commons/6/68/2015-06-30_former_library_Doetinchem_01.jpg?utm_source=commons.wikimedia.org&utm_campaign=imageinfo&utm_content=original,File:2015-06-30 former library Doetinchem 01.jpg,1365x1024,1.33,monolithic sculpted concrete;projecting staircase,cast-in-place concrete,CC BY-SA 4.0,Wikimedia Commons / Architectural Styles Dataset,True,,train,"brutalist exterior facade, monolithic sculpted concrete structure, angular projecting staircase volume, textured formwork impressions, overcast natural lighting, architectural photography","sculpted concrete, angular volumes, formwork impressions"
ARC_0018,Brutalism architecture,20150630 former library Doetinchem 03,axel-riben/arcdataset-brutalism-extension (Wikimedia / Kaggle),https://upload.wikimedia.org/wikipedia/commons/8/8c/2015-06-30_former_library_Doetinchem_03.jpg?utm_source=commons.wikimedia.org&utm_campaign=imageinfo&utm_content=original,File:2015-06-30 former library Doetinchem 03.jpg,1365x1024,1.33,tiered concrete terraces;structural piers;ribbon glazing,concrete;steel;glass,CC BY-SA 4.0,Wikimedia Commons / Architectural Styles Dataset,True,,train,"brutalist urban building, tiered concrete terraces, heavy structural piers, recessed continuous ribbon glazing, unadorned concrete surfaces, daylight, street view, architectural photography","concrete terraces, structural piers, ribbon glazing"
ARC_0019,Brutalism architecture,Abraham Lincoln Building National Agricultural Library,axel-riben/arcdataset-brutalism-extension (Wikimedia / Kaggle),https://upload.wikimedia.org/wikipedia/commons/d/d7/Abraham_Lincoln_Building%2C_National_Agricultural_Library.jpg?utm_source=commons.wikimedia.org&utm_campaign=imageinfo&utm_content=original,"File:Abraham Lincoln Building, National Agricultural Library.jpg",1024x1111,0.92,cantilevered canopy;brise-soleil louvers;modular grid,concrete;aluminum,CC BY-SA 4.0,Wikimedia Commons / Architectural Styles Dataset,True,,train,"brutalist institutional complex, bold cantilevered concrete canopy, prominent concrete brise-soleil sun louvers, modular facade grid, natural daylight, architectural photography","cantilevered canopy, brise-soleil, modular grid, concrete"
ARC_0020,Brutalism architecture,Blok mieszkalny SPN,axel-riben/arcdataset-brutalism-extension (Wikimedia / Kaggle),https://upload.wikimedia.org/wikipedia/commons/0/09/Blok_mieszkalny_SPN.jpg?utm_source=commons.wikimedia.org&utm_campaign=imageinfo&utm_content=original,File:Blok mieszkalny SPN.jpg,1024x1365,0.75,bush-hammered concrete;angular geometry;recessed portal,bush-hammered concrete;glass,CC0,Wikimedia Commons / Architectural Styles Dataset,True,,train,"brutalist civic center, ribbed bush-hammered concrete walls, dramatic angular geometries, recessed entrance portal, hard-edged structural forms, architectural photography","bush-hammered concrete, angular geometry, recessed portal"
ARC_0021,Brutalism architecture,Berlin Wedding bayer parkhaus 14.11.2015 134001,axel-riben/arcdataset-brutalism-extension (Wikimedia / Kaggle),https://upload.wikimedia.org/wikipedia/commons/6/6c/Berlin_Wedding_bayer_parkhaus_14.11.2015_13-40-01.jpg?utm_source=commons.wikimedia.org&utm_campaign=imageinfo&utm_content=original,File:Berlin Wedding bayer parkhaus 14.11.2015 13-40-01.jpg,1301x1024,1.27,waffle slab soffit;concrete colonnade;deep shadows,board-formed concrete,CC BY-SA 4.0,Wikimedia Commons / Architectural Styles Dataset,True,,train,"monumental brutalist facade, waffle slab soffit, heavy board-formed concrete colonnade, deep shadow articulation, sharp geometric edges, clear blue sky, architectural photography","waffle slab, concrete colonnade, board-formed concrete, geometric edges"
ARC_0022,Brutalism architecture,Az új központ  panoramio,axel-riben/arcdataset-brutalism-extension (Wikimedia / Kaggle),https://upload.wikimedia.org/wikipedia/commons/e/ee/Az_%C3%BAj_k%C3%B6zpont_-_panoramio.jpg?utm_source=commons.wikimedia.org&utm_campaign=imageinfo&utm_content=original,File:Az új központ - panoramio.jpg,1365x1024,1.33,cantilevered concrete volumes;deep-set windows;raw concrete finish,board-marked concrete;glass,CC BY-SA 3.0,Wikimedia Commons / Architectural Styles Dataset,True,,train,"monumental brutalist civic building, board-marked raw concrete facade, heavy cantilevered upper volumes, deep-set window embrasures, geometric shadow patterns, clear sky, architectural photography","board-marked concrete, heavy geometric masses, cantilevered volumes, deep-set windows"
ARC_0023,Brutalism architecture,BenGurionUniversity,axel-riben/arcdataset-brutalism-extension (Wikimedia / Kaggle),https://upload.wikimedia.org/wikipedia/commons/b/be/BenGurionUniversity.jpg?utm_source=commons.wikimedia.org&utm_campaign=imageinfo&utm_content=original,File:BenGurionUniversity.jpg,1365x1024,1.33,exposed concrete tower;modular grid;recessed windows,reinforced concrete;glass,CC BY-SA 2.0,Wikimedia Commons / Architectural Styles Dataset,True,,val,"brutalist architecture, massive exposed concrete tower, repetitive geometric modular facade, recessed narrow slit windows, weathered aggregate texture, direct daylight, architectural photography","exposed concrete, modular facade, recessed windows, aggregate texture"
ARC_0024,Brutalism architecture,Biberacher Straße 3993 UlmWiblingen,axel-riben/arcdataset-brutalism-extension (Wikimedia / Kaggle),https://upload.wikimedia.org/wikipedia/commons/b/b0/Biberacher_Stra%C3%9Fe_39-93_%28Ulm-Wiblingen%29.jpg?utm_source=commons.wikimedia.org&utm_campaign=imageinfo&utm_content=original,File:Biberacher Straße 39-93 (Ulm-Wiblingen).jpg,1820x1024,1.78,monolithic sculpted concrete;projecting staircase,cast-in-place concrete,CC BY-SA 4.0,Wikimedia Commons / Architectural Styles Dataset,True,,val,"brutalist exterior facade, monolithic sculpted concrete structure, angular projecting staircase volume, textured formwork impressions, overcast natural lighting, architectural photography","sculpted concrete, angular volumes, formwork impressions"
ARC_0025,Brutalism architecture,Aluštan kaupunginvaltuuston rakennus,axel-riben/arcdataset-brutalism-extension (Wikimedia / Kaggle),https://upload.wikimedia.org/wikipedia/commons/a/aa/Alu%C5%A1tan_kaupunginvaltuuston_rakennus.jpg?utm_source=commons.wikimedia.org&utm_campaign=imageinfo&utm_content=original,File:Aluštan kaupunginvaltuuston rakennus.jpg,1365x1024,1.33,tiered concrete terraces;structural piers;ribbon glazing,concrete;steel;glass,Public domain,Wikimedia Commons / Architectural Styles Dataset,True,,val,"brutalist urban building, tiered concrete terraces, heavy structural piers, recessed continuous ribbon glazing, unadorned concrete surfaces, daylight, street view, architectural photography","concrete terraces, structural piers, ribbon glazing"
ARC_0026,Brutalism architecture,Batten Arts and Letters building.JPG,axel-riben/arcdataset-brutalism-extension (Wikimedia / Kaggle),https://upload.wikimedia.org/wikipedia/commons/6/67/Batten_Arts_and_Letters_building.JPG?utm_source=commons.wikimedia.org&utm_campaign=imageinfo&utm_content=original,File:Batten Arts and Letters building.JPG,1024x1365,0.75,cantilevered canopy;brise-soleil louvers;modular grid,concrete;aluminum,CC BY-SA 4.0,Wikimedia Commons / Architectural Styles Dataset,True,,test,"brutalist institutional complex, bold cantilevered concrete canopy, prominent concrete brise-soleil sun louvers, modular facade grid, natural daylight, architectural photography","cantilevered canopy, brise-soleil, modular grid, concrete"
ARC_0027,Brutalism architecture,1180 S Beverly Drive Los Angeles,axel-riben/arcdataset-brutalism-extension (Wikimedia / Kaggle),https://upload.wikimedia.org/wikipedia/commons/6/64/1180_S_Beverly_Drive%2C_Los_Angeles.jpg?utm_source=commons.wikimedia.org&utm_campaign=imageinfo&utm_content=original,"File:1180 S Beverly Drive, Los Angeles.jpg",1024x1316,0.78,bush-hammered concrete;angular geometry;recessed portal,bush-hammered concrete;glass,CC BY-SA 4.0,Wikimedia Commons / Architectural Styles Dataset,True,,test,"brutalist civic center, ribbed bush-hammered concrete walls, dramatic angular geometries, recessed entrance portal, hard-edged structural forms, architectural photography","bush-hammered concrete, angular geometry, recessed portal"
ARC_0028,Brutalism architecture,720 Spadina Avenue.JPG,axel-riben/arcdataset-brutalism-extension (Wikimedia / Kaggle),https://upload.wikimedia.org/wikipedia/commons/7/7b/720_Spadina_Avenue.JPG?utm_source=commons.wikimedia.org&utm_campaign=imageinfo&utm_content=original,File:720 Spadina Avenue.JPG,1024x1240,0.83,waffle slab soffit;concrete colonnade;deep shadows,board-formed concrete,CC BY-SA 3.0,Wikimedia Commons / Architectural Styles Dataset,True,,test,"monumental brutalist facade, waffle slab soffit, heavy board-formed concrete colonnade, deep shadow articulation, sharp geometric edges, clear blue sky, architectural photography","waffle slab, concrete colonnade, board-formed concrete, geometric edges"
ARC_0029,Bauhaus architecture,Bauhaus architecture Building specimen 1,axel-riben/arcdataset-brutalism-extension (Wikimedia / Kaggle),https://huggingface.co/datasets/axel-riben/arcdataset-brutalism-extension,003917.jpg,1000x1000,1.00,planar white facade;steel-sash windows;cubic volumes;flat roof,smooth stucco;steel;glass,CC-BY-SA 4.0 / CC0,Wikimedia Commons / Architectural Styles Dataset,True,,train,"Bauhaus architecture, planar smooth white stucco facade, industrial steel-sash ribbon windows, flat roof terrace, cubic unornamented building volumes, bright daylight, architectural photography","planar white stucco, steel-sash windows, cubic volumes, flat roof"
ARC_0030,Bauhaus architecture,Bauhaus architecture Building specimen 2,axel-riben/arcdataset-brutalism-extension (Wikimedia / Kaggle),https://huggingface.co/datasets/axel-riben/arcdataset-brutalism-extension,003870.jpg,1000x1000,1.00,glass curtain wall;structural steel frame;geometric corners,structural steel;plate glass;stucco,CC-BY-SA 4.0 / CC0,Wikimedia Commons / Architectural Styles Dataset,True,,train,"Bauhaus school building, continuous floor-to-ceiling glass curtain wall, exposed structural steel framework, crisp geometric corners, unadorned white render, architectural photography","glass curtain wall, steel framework, geometric corners, white render"
ARC_0031,Bauhaus architecture,Bauhaus architecture Building specimen 3,axel-riben/arcdataset-brutalism-extension (Wikimedia / Kaggle),https://huggingface.co/datasets/axel-riben/arcdataset-brutalism-extension,003920.jpg,1000x953,1.05,overlapping volumes;cantilevered balconies;tubular railings;window bands,reinforced concrete;stucco;metal,CC-BY-SA 4.0 / CC0,Wikimedia Commons / Architectural Styles Dataset,True,,train,"Bauhaus modern residence, overlapping rectilinear volumes, cantilevered concrete balconies with tubular metal railings, horizontal window bands, clear daylight, architectural photography","cantilevered balconies, tubular metal railings, horizontal window bands, rectilinear volumes"
ARC_0032,Bauhaus architecture,Bauhaus architecture Building specimen 4,axel-riben/arcdataset-brutalism-extension (Wikimedia / Kaggle),https://huggingface.co/datasets/axel-riben/arcdataset-brutalism-extension,003922.jpg,936x936,1.00,asymmetric composition;steel canopy;industrial glazing,plaster;steel;glass,CC-BY-SA 4.0 / CC0,Wikimedia Commons / Architectural Styles Dataset,True,,train,"Bauhaus style institutional facade, asymmetric planar composition, steel frame entrance canopy, large industrial workshop glazing, smooth light-gray plaster, architectural photography","asymmetric composition, steel canopy, industrial glazing, smooth plaster"
ARC_0033,Bauhaus architecture,Bauhaus architecture Building specimen 5,axel-riben/arcdataset-brutalism-extension (Wikimedia / Kaggle),https://huggingface.co/datasets/axel-riben/arcdataset-brutalism-extension,003921.jpg,789x1000,0.79,cubic massing;corner ribbon windows;recessed balconies;flat roof,stucco;steel;glass,CC-BY-SA 4.0 / CC0,Wikimedia Commons / Architectural Styles Dataset,True,,train,"Bauhaus residential block, cubic white massing, recessed balcony niches, horizontal corner ribbon windows, flat parapet roof, bright natural sunlight, architectural photography","cubic massing, corner ribbon windows, recessed balconies, flat roof"
ARC_0034,Bauhaus architecture,Bauhaus architecture Building specimen 6,axel-riben/arcdataset-brutalism-extension (Wikimedia / Kaggle),https://huggingface.co/datasets/axel-riben/arcdataset-brutalism-extension,003958.jpg,1024x768,1.33,planar white facade;steel-sash windows;cubic volumes;flat roof,smooth stucco;steel;glass,CC-BY-SA 4.0 / CC0,Wikimedia Commons / Architectural Styles Dataset,True,,train,"Bauhaus architecture, planar smooth white stucco facade, industrial steel-sash ribbon windows, flat roof terrace, cubic unornamented building volumes, bright daylight, architectural photography","planar white stucco, steel-sash windows, cubic volumes, flat roof"
ARC_0035,Bauhaus architecture,Bauhaus architecture Building specimen 7,axel-riben/arcdataset-brutalism-extension (Wikimedia / Kaggle),https://huggingface.co/datasets/axel-riben/arcdataset-brutalism-extension,003955.jpg,1024x768,1.33,glass curtain wall;structural steel frame;geometric corners,structural steel;plate glass;stucco,CC-BY-SA 4.0 / CC0,Wikimedia Commons / Architectural Styles Dataset,True,,train,"Bauhaus school building, continuous floor-to-ceiling glass curtain wall, exposed structural steel framework, crisp geometric corners, unadorned white render, architectural photography","glass curtain wall, steel framework, geometric corners, white render"
ARC_0036,Bauhaus architecture,Bauhaus architecture Building specimen 8,axel-riben/arcdataset-brutalism-extension (Wikimedia / Kaggle),https://huggingface.co/datasets/axel-riben/arcdataset-brutalism-extension,003940.jpg,1024x768,1.33,overlapping volumes;cantilevered balconies;tubular railings;window bands,reinforced concrete;stucco;metal,CC-BY-SA 4.0 / CC0,Wikimedia Commons / Architectural Styles Dataset,True,,train,"Bauhaus modern residence, overlapping rectilinear volumes, cantilevered concrete balconies with tubular metal railings, horizontal window bands, clear daylight, architectural photography","cantilevered balconies, tubular metal railings, horizontal window bands, rectilinear volumes"
ARC_0037,Bauhaus architecture,Bauhaus architecture Building specimen 9,axel-riben/arcdataset-brutalism-extension (Wikimedia / Kaggle),https://huggingface.co/datasets/axel-riben/arcdataset-brutalism-extension,003953.jpg,1024x768,1.33,asymmetric composition;steel canopy;industrial glazing,plaster;steel;glass,CC-BY-SA 4.0 / CC0,Wikimedia Commons / Architectural Styles Dataset,True,,train,"Bauhaus style institutional facade, asymmetric planar composition, steel frame entrance canopy, large industrial workshop glazing, smooth light-gray plaster, architectural photography","asymmetric composition, steel canopy, industrial glazing, smooth plaster"
ARC_0038,Bauhaus architecture,Bauhaus architecture Building specimen 10,axel-riben/arcdataset-brutalism-extension (Wikimedia / Kaggle),https://huggingface.co/datasets/axel-riben/arcdataset-brutalism-extension,003919.jpg,1024x768,1.33,cubic massing;corner ribbon windows;recessed balconies;flat roof,stucco;steel;glass,CC-BY-SA 4.0 / CC0,Wikimedia Commons / Architectural Styles Dataset,True,,train,"Bauhaus residential block, cubic white massing, recessed balcony niches, horizontal corner ribbon windows, flat parapet roof, bright natural sunlight, architectural photography","cubic massing, corner ribbon windows, recessed balconies, flat roof"
ARC_0039,Bauhaus architecture,Bauhaus architecture Building specimen 11,axel-riben/arcdataset-brutalism-extension (Wikimedia / Kaggle),https://huggingface.co/datasets/axel-riben/arcdataset-brutalism-extension,003890.jpg,768x1024,0.75,planar white facade;steel-sash windows;cubic volumes;flat roof,smooth stucco;steel;glass,CC-BY-SA 4.0 / CC0,Wikimedia Commons / Architectural Styles Dataset,True,,train,"Bauhaus architecture, planar smooth white stucco facade, industrial steel-sash ribbon windows, flat roof terrace, cubic unornamented building volumes, bright daylight, architectural photography","planar white stucco, steel-sash windows, cubic volumes, flat roof"
ARC_0040,Bauhaus architecture,Bauhaus architecture Building specimen 12,axel-riben/arcdataset-brutalism-extension (Wikimedia / Kaggle),https://huggingface.co/datasets/axel-riben/arcdataset-brutalism-extension,003928.jpg,1024x768,1.33,glass curtain wall;structural steel frame;geometric corners,structural steel;plate glass;stucco,CC-BY-SA 4.0 / CC0,Wikimedia Commons / Architectural Styles Dataset,True,,train,"Bauhaus school building, continuous floor-to-ceiling glass curtain wall, exposed structural steel framework, crisp geometric corners, unadorned white render, architectural photography","glass curtain wall, steel framework, geometric corners, white render"
ARC_0041,Bauhaus architecture,Bauhaus architecture Building specimen 13,axel-riben/arcdataset-brutalism-extension (Wikimedia / Kaggle),https://huggingface.co/datasets/axel-riben/arcdataset-brutalism-extension,003876.jpg,1024x768,1.33,overlapping volumes;cantilevered balconies;tubular railings;window bands,reinforced concrete;stucco;metal,CC-BY-SA 4.0 / CC0,Wikimedia Commons / Architectural Styles Dataset,True,,train,"Bauhaus modern residence, overlapping rectilinear volumes, cantilevered concrete balconies with tubular metal railings, horizontal window bands, clear daylight, architectural photography","cantilevered balconies, tubular metal railings, horizontal window bands, rectilinear volumes"
ARC_0042,Bauhaus architecture,Bauhaus architecture Building specimen 14,axel-riben/arcdataset-brutalism-extension (Wikimedia / Kaggle),https://huggingface.co/datasets/axel-riben/arcdataset-brutalism-extension,003964.jpg,768x1024,0.75,asymmetric composition;steel canopy;industrial glazing,plaster;steel;glass,CC-BY-SA 4.0 / CC0,Wikimedia Commons / Architectural Styles Dataset,True,,train,"Bauhaus style institutional facade, asymmetric planar composition, steel frame entrance canopy, large industrial workshop glazing, smooth light-gray plaster, architectural photography","asymmetric composition, steel canopy, industrial glazing, smooth plaster"
ARC_0043,Bauhaus architecture,Bauhaus architecture Building specimen 15,axel-riben/arcdataset-brutalism-extension (Wikimedia / Kaggle),https://huggingface.co/datasets/axel-riben/arcdataset-brutalism-extension,003923.jpg,1036x768,1.35,cubic massing;corner ribbon windows;recessed balconies;flat roof,stucco;steel;glass,CC-BY-SA 4.0 / CC0,Wikimedia Commons / Architectural Styles Dataset,True,,train,"Bauhaus residential block, cubic white massing, recessed balcony niches, horizontal corner ribbon windows, flat parapet roof, bright natural sunlight, architectural photography","cubic massing, corner ribbon windows, recessed balconies, flat roof"
ARC_0044,Bauhaus architecture,Bauhaus architecture Building specimen 16,axel-riben/arcdataset-brutalism-extension (Wikimedia / Kaggle),https://huggingface.co/datasets/axel-riben/arcdataset-brutalism-extension,003900.jpg,1045x768,1.36,planar white facade;steel-sash windows;cubic volumes;flat roof,smooth stucco;steel;glass,CC-BY-SA 4.0 / CC0,Wikimedia Commons / Architectural Styles Dataset,True,,train,"Bauhaus architecture, planar smooth white stucco facade, industrial steel-sash ribbon windows, flat roof terrace, cubic unornamented building volumes, bright daylight, architectural photography","planar white stucco, steel-sash windows, cubic volumes, flat roof"
ARC_0045,Bauhaus architecture,Bauhaus architecture Building specimen 17,axel-riben/arcdataset-brutalism-extension (Wikimedia / Kaggle),https://huggingface.co/datasets/axel-riben/arcdataset-brutalism-extension,003930.jpg,768x768,1.00,glass curtain wall;structural steel frame;geometric corners,structural steel;plate glass;stucco,CC-BY-SA 4.0 / CC0,Wikimedia Commons / Architectural Styles Dataset,True,,train,"Bauhaus school building, continuous floor-to-ceiling glass curtain wall, exposed structural steel framework, crisp geometric corners, unadorned white render, architectural photography","glass curtain wall, steel framework, geometric corners, white render"
ARC_0046,Bauhaus architecture,Bauhaus architecture Building specimen 18,axel-riben/arcdataset-brutalism-extension (Wikimedia / Kaggle),https://huggingface.co/datasets/axel-riben/arcdataset-brutalism-extension,003873.jpg,1067x768,1.39,overlapping volumes;cantilevered balconies;tubular railings;window bands,reinforced concrete;stucco;metal,CC-BY-SA 4.0 / CC0,Wikimedia Commons / Architectural Styles Dataset,True,,train,"Bauhaus modern residence, overlapping rectilinear volumes, cantilevered concrete balconies with tubular metal railings, horizontal window bands, clear daylight, architectural photography","cantilevered balconies, tubular metal railings, horizontal window bands, rectilinear volumes"
ARC_0047,Bauhaus architecture,Bauhaus architecture Building specimen 19,axel-riben/arcdataset-brutalism-extension (Wikimedia / Kaggle),https://huggingface.co/datasets/axel-riben/arcdataset-brutalism-extension,003948.jpg,1067x768,1.39,asymmetric composition;steel canopy;industrial glazing,plaster;steel;glass,CC-BY-SA 4.0 / CC0,Wikimedia Commons / Architectural Styles Dataset,True,,train,"Bauhaus style institutional facade, asymmetric planar composition, steel frame entrance canopy, large industrial workshop glazing, smooth light-gray plaster, architectural photography","asymmetric composition, steel canopy, industrial glazing, smooth plaster"
ARC_0048,Bauhaus architecture,Bauhaus architecture Building specimen 20,axel-riben/arcdataset-brutalism-extension (Wikimedia / Kaggle),https://huggingface.co/datasets/axel-riben/arcdataset-brutalism-extension,003883.jpg,1068x768,1.39,cubic massing;corner ribbon windows;recessed balconies;flat roof,stucco;steel;glass,CC-BY-SA 4.0 / CC0,Wikimedia Commons / Architectural Styles Dataset,True,,train,"Bauhaus residential block, cubic white massing, recessed balcony niches, horizontal corner ribbon windows, flat parapet roof, bright natural sunlight, architectural photography","cubic massing, corner ribbon windows, recessed balconies, flat roof"
ARC_0049,Bauhaus architecture,Bauhaus architecture Building specimen 21,axel-riben/arcdataset-brutalism-extension (Wikimedia / Kaggle),https://huggingface.co/datasets/axel-riben/arcdataset-brutalism-extension,003864.jpg,1076x768,1.40,planar white facade;steel-sash windows;cubic volumes;flat roof,smooth stucco;steel;glass,CC-BY-SA 4.0 / CC0,Wikimedia Commons / Architectural Styles Dataset,True,,train,"Bauhaus architecture, planar smooth white stucco facade, industrial steel-sash ribbon windows, flat roof terrace, cubic unornamented building volumes, bright daylight, architectural photography","planar white stucco, steel-sash windows, cubic volumes, flat roof"
ARC_0050,Bauhaus architecture,Bauhaus architecture Building specimen 22,axel-riben/arcdataset-brutalism-extension (Wikimedia / Kaggle),https://huggingface.co/datasets/axel-riben/arcdataset-brutalism-extension,003935.jpg,768x1060,0.72,glass curtain wall;structural steel frame;geometric corners,structural steel;plate glass;stucco,CC-BY-SA 4.0 / CC0,Wikimedia Commons / Architectural Styles Dataset,True,,train,"Bauhaus school building, continuous floor-to-ceiling glass curtain wall, exposed structural steel framework, crisp geometric corners, unadorned white render, architectural photography","glass curtain wall, steel framework, geometric corners, white render"
ARC_0051,Bauhaus architecture,Bauhaus architecture Building specimen 23,axel-riben/arcdataset-brutalism-extension (Wikimedia / Kaggle),https://huggingface.co/datasets/axel-riben/arcdataset-brutalism-extension,003925.jpg,834x768,1.09,overlapping volumes;cantilevered balconies;tubular railings;window bands,reinforced concrete;stucco;metal,CC-BY-SA 4.0 / CC0,Wikimedia Commons / Architectural Styles Dataset,True,,val,"Bauhaus modern residence, overlapping rectilinear volumes, cantilevered concrete balconies with tubular metal railings, horizontal window bands, clear daylight, architectural photography","cantilevered balconies, tubular metal railings, horizontal window bands, rectilinear volumes"
ARC_0052,Bauhaus architecture,Bauhaus architecture Building specimen 24,axel-riben/arcdataset-brutalism-extension (Wikimedia / Kaggle),https://huggingface.co/datasets/axel-riben/arcdataset-brutalism-extension,003949.jpg,1092x768,1.42,asymmetric composition;steel canopy;industrial glazing,plaster;steel;glass,CC-BY-SA 4.0 / CC0,Wikimedia Commons / Architectural Styles Dataset,True,,val,"Bauhaus style institutional facade, asymmetric planar composition, steel frame entrance canopy, large industrial workshop glazing, smooth light-gray plaster, architectural photography","asymmetric composition, steel canopy, industrial glazing, smooth plaster"
ARC_0053,Bauhaus architecture,Bauhaus architecture Building specimen 25,axel-riben/arcdataset-brutalism-extension (Wikimedia / Kaggle),https://huggingface.co/datasets/axel-riben/arcdataset-brutalism-extension,003889.jpg,1143x768,1.49,cubic massing;corner ribbon windows;recessed balconies;flat roof,stucco;steel;glass,CC-BY-SA 4.0 / CC0,Wikimedia Commons / Architectural Styles Dataset,True,,val,"Bauhaus residential block, cubic white massing, recessed balcony niches, horizontal corner ribbon windows, flat parapet roof, bright natural sunlight, architectural photography","cubic massing, corner ribbon windows, recessed balconies, flat roof"
ARC_0054,Bauhaus architecture,Bauhaus architecture Building specimen 26,axel-riben/arcdataset-brutalism-extension (Wikimedia / Kaggle),https://huggingface.co/datasets/axel-riben/arcdataset-brutalism-extension,003934.jpg,1151x768,1.50,planar white facade;steel-sash windows;cubic volumes;flat roof,smooth stucco;steel;glass,CC-BY-SA 4.0 / CC0,Wikimedia Commons / Architectural Styles Dataset,True,,test,"Bauhaus architecture, planar smooth white stucco facade, industrial steel-sash ribbon windows, flat roof terrace, cubic unornamented building volumes, bright daylight, architectural photography","planar white stucco, steel-sash windows, cubic volumes, flat roof"
ARC_0055,Bauhaus architecture,Bauhaus architecture Building specimen 27,axel-riben/arcdataset-brutalism-extension (Wikimedia / Kaggle),https://huggingface.co/datasets/axel-riben/arcdataset-brutalism-extension,003861.jpg,1151x768,1.50,glass curtain wall;structural steel frame;geometric corners,structural steel;plate glass;stucco,CC-BY-SA 4.0 / CC0,Wikimedia Commons / Architectural Styles Dataset,True,,test,"Bauhaus school building, continuous floor-to-ceiling glass curtain wall, exposed structural steel framework, crisp geometric corners, unadorned white render, architectural photography","glass curtain wall, steel framework, geometric corners, white render"
ARC_0056,Bauhaus architecture,Bauhaus architecture Building specimen 28,axel-riben/arcdataset-brutalism-extension (Wikimedia / Kaggle),https://huggingface.co/datasets/axel-riben/arcdataset-brutalism-extension,003944.jpg,1151x768,1.50,overlapping volumes;cantilevered balconies;tubular railings;window bands,reinforced concrete;stucco;metal,CC-BY-SA 4.0 / CC0,Wikimedia Commons / Architectural Styles Dataset,True,,test,"Bauhaus modern residence, overlapping rectilinear volumes, cantilevered concrete balconies with tubular metal railings, horizontal window bands, clear daylight, architectural photography","cantilevered balconies, tubular metal railings, horizontal window bands, rectilinear volumes"
ARC_0057,International style,International style Building specimen 1,axel-riben/arcdataset-brutalism-extension (Wikimedia / Kaggle),https://huggingface.co/datasets/axel-riben/arcdataset-brutalism-extension,009835.jpg,1000x820,1.22,modular curtain wall;uniform structural grid;reflective glazing,structural steel;tinted glass;aluminum,CC-BY-SA 4.0 / CC0,Wikimedia Commons / Architectural Styles Dataset,True,,train,"International Style skyscraper facade, precise modular steel and glass curtain wall, uniform rectangular structural grid, reflective dark glazing, direct sunlight, architectural photography","modular curtain wall, structural grid, steel and glass, reflective glazing"
ARC_0058,International style,International style Building specimen 2,axel-riben/arcdataset-brutalism-extension (Wikimedia / Kaggle),https://huggingface.co/datasets/axel-riben/arcdataset-brutalism-extension,010016.jpg,785x1000,0.79,steel pilotis;open ground floor;floating volume;marble accent,steel;glass;marble,CC-BY-SA 4.0 / CC0,Wikimedia Commons / Architectural Styles Dataset,True,,train,"International Style pavilion, slender cylindrical steel pilotis, open ground-floor glass box, floating rectilinear upper volume, polished marble wall accents, architectural photography","pilotis, open ground floor, floating volume, glass curtain wall"
ARC_0059,International style,International style Building specimen 3,axel-riben/arcdataset-brutalism-extension (Wikimedia / Kaggle),https://huggingface.co/datasets/axel-riben/arcdataset-brutalism-extension,010087.jpg,768x1024,0.75,concrete spandrels;continuous ribbon glazing;planar geometry,precast concrete;aluminum;glass,CC-BY-SA 4.0 / CC0,Wikimedia Commons / Architectural Styles Dataset,True,,train,"International Style office building, alternating bands of white concrete spandrels and continuous horizontal ribbon glazing, planar facade geometry, clear sky, architectural photography","ribbon glazing, concrete spandrels, planar geometry"
ARC_0060,International style,International style Building specimen 4,axel-riben/arcdataset-brutalism-extension (Wikimedia / Kaggle),https://huggingface.co/datasets/axel-riben/arcdataset-brutalism-extension,009819.jpg,1024x768,1.33,rectilinear curtain wall;recessed colonnade;flat roof slab,bronze;plate glass;travertine,CC-BY-SA 4.0 / CC0,Wikimedia Commons / Architectural Styles Dataset,True,,train,"International Style urban complex, rectilinear glass and bronze curtain wall, recessed entrance colonnade with high ceilings, flat roof slab, crisp modernist lines, architectural photography","curtain wall, recessed colonnade, flat roof slab, rectilinear grid"
ARC_0061,International style,International style Building specimen 5,axel-riben/arcdataset-brutalism-extension (Wikimedia / Kaggle),https://huggingface.co/datasets/axel-riben/arcdataset-brutalism-extension,009816.jpg,1024x768,1.33,steel mullions;floor-to-ceiling glass;minimalist rhythm,painted steel;glass,CC-BY-SA 4.0 / CC0,Wikimedia Commons / Architectural Styles Dataset,True,,train,"International Style commercial tower, black painted steel mullions, floor-to-ceiling vision glass, minimalist modular rhythm, pristine geometric form, architectural photography","steel mullions, vision glass, minimalist rhythm, modular grid"
ARC_0062,International style,International style Building specimen 6,axel-riben/arcdataset-brutalism-extension (Wikimedia / Kaggle),https://huggingface.co/datasets/axel-riben/arcdataset-brutalism-extension,009974.jpg,768x1024,0.75,modular curtain wall;uniform structural grid;reflective glazing,structural steel;tinted glass;aluminum,CC-BY-SA 4.0 / CC0,Wikimedia Commons / Architectural Styles Dataset,True,,train,"International Style skyscraper facade, precise modular steel and glass curtain wall, uniform rectangular structural grid, reflective dark glazing, direct sunlight, architectural photography","modular curtain wall, structural grid, steel and glass, reflective glazing"
ARC_0063,International style,International style Building specimen 7,axel-riben/arcdataset-brutalism-extension (Wikimedia / Kaggle),https://huggingface.co/datasets/axel-riben/arcdataset-brutalism-extension,009855.jpg,1024x768,1.33,steel pilotis;open ground floor;floating volume;marble accent,steel;glass;marble,CC-BY-SA 4.0 / CC0,Wikimedia Commons / Architectural Styles Dataset,True,,train,"International Style pavilion, slender cylindrical steel pilotis, open ground-floor glass box, floating rectilinear upper volume, polished marble wall accents, architectural photography","pilotis, open ground floor, floating volume, glass curtain wall"
ARC_0064,International style,International style Building specimen 8,axel-riben/arcdataset-brutalism-extension (Wikimedia / Kaggle),https://huggingface.co/datasets/axel-riben/arcdataset-brutalism-extension,009978.jpg,1024x768,1.33,concrete spandrels;continuous ribbon glazing;planar geometry,precast concrete;aluminum;glass,CC-BY-SA 4.0 / CC0,Wikimedia Commons / Architectural Styles Dataset,True,,train,"International Style office building, alternating bands of white concrete spandrels and continuous horizontal ribbon glazing, planar facade geometry, clear sky, architectural photography","ribbon glazing, concrete spandrels, planar geometry"
ARC_0065,International style,International style Building specimen 9,axel-riben/arcdataset-brutalism-extension (Wikimedia / Kaggle),https://huggingface.co/datasets/axel-riben/arcdataset-brutalism-extension,010037.jpg,1024x768,1.33,rectilinear curtain wall;recessed colonnade;flat roof slab,bronze;plate glass;travertine,CC-BY-SA 4.0 / CC0,Wikimedia Commons / Architectural Styles Dataset,True,,train,"International Style urban complex, rectilinear glass and bronze curtain wall, recessed entrance colonnade with high ceilings, flat roof slab, crisp modernist lines, architectural photography","curtain wall, recessed colonnade, flat roof slab, rectilinear grid"
ARC_0066,International style,International style Building specimen 10,axel-riben/arcdataset-brutalism-extension (Wikimedia / Kaggle),https://huggingface.co/datasets/axel-riben/arcdataset-brutalism-extension,009972.jpg,1024x768,1.33,steel mullions;floor-to-ceiling glass;minimalist rhythm,painted steel;glass,CC-BY-SA 4.0 / CC0,Wikimedia Commons / Architectural Styles Dataset,True,,train,"International Style commercial tower, black painted steel mullions, floor-to-ceiling vision glass, minimalist modular rhythm, pristine geometric form, architectural photography","steel mullions, vision glass, minimalist rhythm, modular grid"
ARC_0067,International style,International style Building specimen 11,axel-riben/arcdataset-brutalism-extension (Wikimedia / Kaggle),https://huggingface.co/datasets/axel-riben/arcdataset-brutalism-extension,009960.jpg,1028x768,1.34,modular curtain wall;uniform structural grid;reflective glazing,structural steel;tinted glass;aluminum,CC-BY-SA 4.0 / CC0,Wikimedia Commons / Architectural Styles Dataset,True,,train,"International Style skyscraper facade, precise modular steel and glass curtain wall, uniform rectangular structural grid, reflective dark glazing, direct sunlight, architectural photography","modular curtain wall, structural grid, steel and glass, reflective glazing"
ARC_0068,International style,International style Building specimen 12,axel-riben/arcdataset-brutalism-extension (Wikimedia / Kaggle),https://huggingface.co/datasets/axel-riben/arcdataset-brutalism-extension,009893.jpg,768x768,1.00,steel pilotis;open ground floor;floating volume;marble accent,steel;glass;marble,CC-BY-SA 4.0 / CC0,Wikimedia Commons / Architectural Styles Dataset,True,,train,"International Style pavilion, slender cylindrical steel pilotis, open ground-floor glass box, floating rectilinear upper volume, polished marble wall accents, architectural photography","pilotis, open ground floor, floating volume, glass curtain wall"
ARC_0069,International style,International style Building specimen 13,axel-riben/arcdataset-brutalism-extension (Wikimedia / Kaggle),https://huggingface.co/datasets/axel-riben/arcdataset-brutalism-extension,009852.jpg,1058x768,1.38,concrete spandrels;continuous ribbon glazing;planar geometry,precast concrete;aluminum;glass,CC-BY-SA 4.0 / CC0,Wikimedia Commons / Architectural Styles Dataset,True,,train,"International Style office building, alternating bands of white concrete spandrels and continuous horizontal ribbon glazing, planar facade geometry, clear sky, architectural photography","ribbon glazing, concrete spandrels, planar geometry"
ARC_0070,International style,International style Building specimen 14,axel-riben/arcdataset-brutalism-extension (Wikimedia / Kaggle),https://huggingface.co/datasets/axel-riben/arcdataset-brutalism-extension,009896.jpg,1076x768,1.40,rectilinear curtain wall;recessed colonnade;flat roof slab,bronze;plate glass;travertine,CC-BY-SA 4.0 / CC0,Wikimedia Commons / Architectural Styles Dataset,True,,train,"International Style urban complex, rectilinear glass and bronze curtain wall, recessed entrance colonnade with high ceilings, flat roof slab, crisp modernist lines, architectural photography","curtain wall, recessed colonnade, flat roof slab, rectilinear grid"
ARC_0071,International style,International style Building specimen 15,axel-riben/arcdataset-brutalism-extension (Wikimedia / Kaggle),https://huggingface.co/datasets/axel-riben/arcdataset-brutalism-extension,009943.jpg,1092x768,1.42,steel mullions;floor-to-ceiling glass;minimalist rhythm,painted steel;glass,CC-BY-SA 4.0 / CC0,Wikimedia Commons / Architectural Styles Dataset,True,,train,"International Style commercial tower, black painted steel mullions, floor-to-ceiling vision glass, minimalist modular rhythm, pristine geometric form, architectural photography","steel mullions, vision glass, minimalist rhythm, modular grid"
ARC_0072,International style,International style Building specimen 16,axel-riben/arcdataset-brutalism-extension (Wikimedia / Kaggle),https://huggingface.co/datasets/axel-riben/arcdataset-brutalism-extension,009822.jpg,768x1026,0.75,modular curtain wall;uniform structural grid;reflective glazing,structural steel;tinted glass;aluminum,CC-BY-SA 4.0 / CC0,Wikimedia Commons / Architectural Styles Dataset,True,,train,"International Style skyscraper facade, precise modular steel and glass curtain wall, uniform rectangular structural grid, reflective dark glazing, direct sunlight, architectural photography","modular curtain wall, structural grid, steel and glass, reflective glazing"
ARC_0073,International style,International style Building specimen 17,axel-riben/arcdataset-brutalism-extension (Wikimedia / Kaggle),https://huggingface.co/datasets/axel-riben/arcdataset-brutalism-extension,009921.jpg,1026x768,1.34,steel pilotis;open ground floor;floating volume;marble accent,steel;glass;marble,CC-BY-SA 4.0 / CC0,Wikimedia Commons / Architectural Styles Dataset,True,,train,"International Style pavilion, slender cylindrical steel pilotis, open ground-floor glass box, floating rectilinear upper volume, polished marble wall accents, architectural photography","pilotis, open ground floor, floating volume, glass curtain wall"
ARC_0074,International style,International style Building specimen 18,axel-riben/arcdataset-brutalism-extension (Wikimedia / Kaggle),https://huggingface.co/datasets/axel-riben/arcdataset-brutalism-extension,009834.jpg,1150x768,1.50,concrete spandrels;continuous ribbon glazing;planar geometry,precast concrete;aluminum;glass,CC-BY-SA 4.0 / CC0,Wikimedia Commons / Architectural Styles Dataset,True,,train,"International Style office building, alternating bands of white concrete spandrels and continuous horizontal ribbon glazing, planar facade geometry, clear sky, architectural photography","ribbon glazing, concrete spandrels, planar geometry"
ARC_0075,International style,International style Building specimen 19,axel-riben/arcdataset-brutalism-extension (Wikimedia / Kaggle),https://huggingface.co/datasets/axel-riben/arcdataset-brutalism-extension,010039.jpg,1151x768,1.50,rectilinear curtain wall;recessed colonnade;flat roof slab,bronze;plate glass;travertine,CC-BY-SA 4.0 / CC0,Wikimedia Commons / Architectural Styles Dataset,True,,train,"International Style urban complex, rectilinear glass and bronze curtain wall, recessed entrance colonnade with high ceilings, flat roof slab, crisp modernist lines, architectural photography","curtain wall, recessed colonnade, flat roof slab, rectilinear grid"
ARC_0076,International style,International style Building specimen 20,axel-riben/arcdataset-brutalism-extension (Wikimedia / Kaggle),https://huggingface.co/datasets/axel-riben/arcdataset-brutalism-extension,009841.jpg,1151x768,1.50,steel mullions;floor-to-ceiling glass;minimalist rhythm,painted steel;glass,CC-BY-SA 4.0 / CC0,Wikimedia Commons / Architectural Styles Dataset,True,,train,"International Style commercial tower, black painted steel mullions, floor-to-ceiling vision glass, minimalist modular rhythm, pristine geometric form, architectural photography","steel mullions, vision glass, minimalist rhythm, modular grid"
ARC_0077,International style,International style Building specimen 21,axel-riben/arcdataset-brutalism-extension (Wikimedia / Kaggle),https://huggingface.co/datasets/axel-riben/arcdataset-brutalism-extension,010086.jpg,1151x768,1.50,modular curtain wall;uniform structural grid;reflective glazing,structural steel;tinted glass;aluminum,CC-BY-SA 4.0 / CC0,Wikimedia Commons / Architectural Styles Dataset,True,,train,"International Style skyscraper facade, precise modular steel and glass curtain wall, uniform rectangular structural grid, reflective dark glazing, direct sunlight, architectural photography","modular curtain wall, structural grid, steel and glass, reflective glazing"
ARC_0078,International style,International style Building specimen 22,axel-riben/arcdataset-brutalism-extension (Wikimedia / Kaggle),https://huggingface.co/datasets/axel-riben/arcdataset-brutalism-extension,009989.jpg,768x1151,0.67,steel pilotis;open ground floor;floating volume;marble accent,steel;glass;marble,CC-BY-SA 4.0 / CC0,Wikimedia Commons / Architectural Styles Dataset,True,,train,"International Style pavilion, slender cylindrical steel pilotis, open ground-floor glass box, floating rectilinear upper volume, polished marble wall accents, architectural photography","pilotis, open ground floor, floating volume, glass curtain wall"
ARC_0079,International style,International style Building specimen 23,axel-riben/arcdataset-brutalism-extension (Wikimedia / Kaggle),https://huggingface.co/datasets/axel-riben/arcdataset-brutalism-extension,010014.jpg,1151x768,1.50,concrete spandrels;continuous ribbon glazing;planar geometry,precast concrete;aluminum;glass,CC-BY-SA 4.0 / CC0,Wikimedia Commons / Architectural Styles Dataset,True,,val,"International Style office building, alternating bands of white concrete spandrels and continuous horizontal ribbon glazing, planar facade geometry, clear sky, architectural photography","ribbon glazing, concrete spandrels, planar geometry"
ARC_0080,International style,International style Building specimen 24,axel-riben/arcdataset-brutalism-extension (Wikimedia / Kaggle),https://huggingface.co/datasets/axel-riben/arcdataset-brutalism-extension,009914.jpg,1151x768,1.50,rectilinear curtain wall;recessed colonnade;flat roof slab,bronze;plate glass;travertine,CC-BY-SA 4.0 / CC0,Wikimedia Commons / Architectural Styles Dataset,True,,val,"International Style urban complex, rectilinear glass and bronze curtain wall, recessed entrance colonnade with high ceilings, flat roof slab, crisp modernist lines, architectural photography","curtain wall, recessed colonnade, flat roof slab, rectilinear grid"
ARC_0081,International style,International style Building specimen 25,axel-riben/arcdataset-brutalism-extension (Wikimedia / Kaggle),https://huggingface.co/datasets/axel-riben/arcdataset-brutalism-extension,010073.jpg,1151x768,1.50,steel mullions;floor-to-ceiling glass;minimalist rhythm,painted steel;glass,CC-BY-SA 4.0 / CC0,Wikimedia Commons / Architectural Styles Dataset,True,,val,"International Style commercial tower, black painted steel mullions, floor-to-ceiling vision glass, minimalist modular rhythm, pristine geometric form, architectural photography","steel mullions, vision glass, minimalist rhythm, modular grid"
ARC_0082,International style,International style Building specimen 26,axel-riben/arcdataset-brutalism-extension (Wikimedia / Kaggle),https://huggingface.co/datasets/axel-riben/arcdataset-brutalism-extension,010013.jpg,1155x768,1.50,modular curtain wall;uniform structural grid;reflective glazing,structural steel;tinted glass;aluminum,CC-BY-SA 4.0 / CC0,Wikimedia Commons / Architectural Styles Dataset,True,,test,"International Style skyscraper facade, precise modular steel and glass curtain wall, uniform rectangular structural grid, reflective dark glazing, direct sunlight, architectural photography","modular curtain wall, structural grid, steel and glass, reflective glazing"
ARC_0083,International style,International style Building specimen 27,axel-riben/arcdataset-brutalism-extension (Wikimedia / Kaggle),https://huggingface.co/datasets/axel-riben/arcdataset-brutalism-extension,009949.jpg,1155x768,1.50,steel pilotis;open ground floor;floating volume;marble accent,steel;glass;marble,CC-BY-SA 4.0 / CC0,Wikimedia Commons / Architectural Styles Dataset,True,,test,"International Style pavilion, slender cylindrical steel pilotis, open ground-floor glass box, floating rectilinear upper volume, polished marble wall accents, architectural photography","pilotis, open ground floor, floating volume, glass curtain wall"
ARC_0084,International style,International style Building specimen 28,axel-riben/arcdataset-brutalism-extension (Wikimedia / Kaggle),https://huggingface.co/datasets/axel-riben/arcdataset-brutalism-extension,010017.jpg,768x1157,0.66,concrete spandrels;continuous ribbon glazing;planar geometry,precast concrete;aluminum;glass,CC-BY-SA 4.0 / CC0,Wikimedia Commons / Architectural Styles Dataset,True,,test,"International Style office building, alternating bands of white concrete spandrels and continuous horizontal ribbon glazing, planar facade geometry, clear sky, architectural photography","ribbon glazing, concrete spandrels, planar geometry"
ARC_0085,Postmodern architecture,Postmodern architecture Building specimen 1,axel-riben/arcdataset-brutalism-extension (Wikimedia / Kaggle),https://huggingface.co/datasets/axel-riben/arcdataset-brutalism-extension,011652.jpg,1000x1000,1.00,broken pediment;oversized columns;polychrome panels;cornices,precast concrete;stone cladding;metal,CC-BY-SA 4.0 / CC0,Wikimedia Commons / Architectural Styles Dataset,True,,train,"Postmodern architecture, playful broken pediment roofline, oversized classical columns, polychrome facade panels, decorative geometric cornices, bright daylight, architectural photography","broken pediment, oversized columns, polychrome facade, decorative cornices"
ARC_0086,Postmodern architecture,Postmodern architecture Building specimen 2,axel-riben/arcdataset-brutalism-extension (Wikimedia / Kaggle),https://huggingface.co/datasets/axel-riben/arcdataset-brutalism-extension,011644.jpg,1000x1000,1.00,triangular gable;arched entrance window;pastel facade,stucco;tinted glass;granite,CC-BY-SA 4.0 / CC0,Wikimedia Commons / Architectural Styles Dataset,True,,train,"Postmodern civic building, exaggerated triangular gable, pastel stucco walls, monumental arched entrance window, ironic classical motifs, architectural photography","triangular gable, arched window, pastel stucco, classical motifs"
ARC_0087,Postmodern architecture,Postmodern architecture Building specimen 3,axel-riben/arcdataset-brutalism-extension (Wikimedia / Kaggle),https://huggingface.co/datasets/axel-riben/arcdataset-brutalism-extension,011742.jpg,1000x913,1.10,polychrome masonry;punched windows;barrel-vaulted roof,granite;limestone;aluminum,CC-BY-SA 4.0 / CC0,Wikimedia Commons / Architectural Styles Dataset,True,,train,"Postmodern office complex, striped polychrome stone masonry, decorative square punched windows, curved barrel-vaulted roof canopy, eclectic architectural composition, architectural photography","polychrome masonry, punched windows, barrel-vaulted roof, decorative stonework"
ARC_0088,Postmodern architecture,Postmodern architecture Building specimen 4,axel-riben/arcdataset-brutalism-extension (Wikimedia / Kaggle),https://huggingface.co/datasets/axel-riben/arcdataset-brutalism-extension,011648.jpg,1000x903,1.11,cylindrical rotunda;contrasting color accents;stylized pilasters,plaster;enameled steel;glass,CC-BY-SA 4.0 / CC0,Wikimedia Commons / Architectural Styles Dataset,True,,train,"Postmodern institutional facade, bold geometric shapes, monumental cylindrical corner rotunda, contrasting bright color accents, stylized classical pilasters, architectural photography","cylindrical rotunda, color accents, stylized pilasters, geometric shapes"
ARC_0089,Postmodern architecture,Postmodern architecture Building specimen 5,axel-riben/arcdataset-brutalism-extension (Wikimedia / Kaggle),https://huggingface.co/datasets/axel-riben/arcdataset-brutalism-extension,011778.jpg,864x864,1.00,stepped clock tower;oversized keystone archway;two-tone masonry,brick;ceramic tile;glass,CC-BY-SA 4.0 / CC0,Wikimedia Commons / Architectural Styles Dataset,True,,train,"Postmodern public library, whimsical stepped clock tower, oversized keystone archway, two-tone brick and tile facade, expressive historicist elements, architectural photography","keystone archway, stepped tower, two-tone brick, historicist motifs"
ARC_0090,Postmodern architecture,Postmodern architecture Building specimen 6,axel-riben/arcdataset-brutalism-extension (Wikimedia / Kaggle),https://huggingface.co/datasets/axel-riben/arcdataset-brutalism-extension,011834.jpg,812x1000,0.81,broken pediment;oversized columns;polychrome panels;cornices,precast concrete;stone cladding;metal,CC-BY-SA 4.0 / CC0,Wikimedia Commons / Architectural Styles Dataset,True,,train,"Postmodern architecture, playful broken pediment roofline, oversized classical columns, polychrome facade panels, decorative geometric cornices, bright daylight, architectural photography","broken pediment, oversized columns, polychrome facade, decorative cornices"
ARC_0091,Postmodern architecture,Postmodern architecture Building specimen 7,axel-riben/arcdataset-brutalism-extension (Wikimedia / Kaggle),https://huggingface.co/datasets/axel-riben/arcdataset-brutalism-extension,011781.jpg,800x933,0.86,triangular gable;arched entrance window;pastel facade,stucco;tinted glass;granite,CC-BY-SA 4.0 / CC0,Wikimedia Commons / Architectural Styles Dataset,True,,train,"Postmodern civic building, exaggerated triangular gable, pastel stucco walls, monumental arched entrance window, ironic classical motifs, architectural photography","triangular gable, arched window, pastel stucco, classical motifs"
ARC_0092,Postmodern architecture,Postmodern architecture Building specimen 8,axel-riben/arcdataset-brutalism-extension (Wikimedia / Kaggle),https://huggingface.co/datasets/axel-riben/arcdataset-brutalism-extension,011696.jpg,1000x800,1.25,polychrome masonry;punched windows;barrel-vaulted roof,granite;limestone;aluminum,CC-BY-SA 4.0 / CC0,Wikimedia Commons / Architectural Styles Dataset,True,,train,"Postmodern office complex, striped polychrome stone masonry, decorative square punched windows, curved barrel-vaulted roof canopy, eclectic architectural composition, architectural photography","polychrome masonry, punched windows, barrel-vaulted roof, decorative stonework"
ARC_0093,Postmodern architecture,Postmodern architecture Building specimen 9,axel-riben/arcdataset-brutalism-extension (Wikimedia / Kaggle),https://huggingface.co/datasets/axel-riben/arcdataset-brutalism-extension,011683.jpg,1000x772,1.30,cylindrical rotunda;contrasting color accents;stylized pilasters,plaster;enameled steel;glass,CC-BY-SA 4.0 / CC0,Wikimedia Commons / Architectural Styles Dataset,True,,train,"Postmodern institutional facade, bold geometric shapes, monumental cylindrical corner rotunda, contrasting bright color accents, stylized classical pilasters, architectural photography","cylindrical rotunda, color accents, stylized pilasters, geometric shapes"
ARC_0094,Postmodern architecture,Postmodern architecture Building specimen 10,axel-riben/arcdataset-brutalism-extension (Wikimedia / Kaggle),https://huggingface.co/datasets/axel-riben/arcdataset-brutalism-extension,011698.jpg,1024x768,1.33,stepped clock tower;oversized keystone archway;two-tone masonry,brick;ceramic tile;glass,CC-BY-SA 4.0 / CC0,Wikimedia Commons / Architectural Styles Dataset,True,,train,"Postmodern public library, whimsical stepped clock tower, oversized keystone archway, two-tone brick and tile facade, expressive historicist elements, architectural photography","keystone archway, stepped tower, two-tone brick, historicist motifs"
ARC_0095,Postmodern architecture,Postmodern architecture Building specimen 11,axel-riben/arcdataset-brutalism-extension (Wikimedia / Kaggle),https://huggingface.co/datasets/axel-riben/arcdataset-brutalism-extension,011649.jpg,1024x768,1.33,broken pediment;oversized columns;polychrome panels;cornices,precast concrete;stone cladding;metal,CC-BY-SA 4.0 / CC0,Wikimedia Commons / Architectural Styles Dataset,True,,train,"Postmodern architecture, playful broken pediment roofline, oversized classical columns, polychrome facade panels, decorative geometric cornices, bright daylight, architectural photography","broken pediment, oversized columns, polychrome facade, decorative cornices"
ARC_0096,Postmodern architecture,Postmodern architecture Building specimen 12,axel-riben/arcdataset-brutalism-extension (Wikimedia / Kaggle),https://huggingface.co/datasets/axel-riben/arcdataset-brutalism-extension,011751.jpg,1024x768,1.33,triangular gable;arched entrance window;pastel facade,stucco;tinted glass;granite,CC-BY-SA 4.0 / CC0,Wikimedia Commons / Architectural Styles Dataset,True,,train,"Postmodern civic building, exaggerated triangular gable, pastel stucco walls, monumental arched entrance window, ironic classical motifs, architectural photography","triangular gable, arched window, pastel stucco, classical motifs"
ARC_0097,Postmodern architecture,Postmodern architecture Building specimen 13,axel-riben/arcdataset-brutalism-extension (Wikimedia / Kaggle),https://huggingface.co/datasets/axel-riben/arcdataset-brutalism-extension,011679.jpg,768x1024,0.75,polychrome masonry;punched windows;barrel-vaulted roof,granite;limestone;aluminum,CC-BY-SA 4.0 / CC0,Wikimedia Commons / Architectural Styles Dataset,True,,train,"Postmodern office complex, striped polychrome stone masonry, decorative square punched windows, curved barrel-vaulted roof canopy, eclectic architectural composition, architectural photography","polychrome masonry, punched windows, barrel-vaulted roof, decorative stonework"
ARC_0098,Postmodern architecture,Postmodern architecture Building specimen 14,axel-riben/arcdataset-brutalism-extension (Wikimedia / Kaggle),https://huggingface.co/datasets/axel-riben/arcdataset-brutalism-extension,011800.jpg,1043x768,1.36,cylindrical rotunda;contrasting color accents;stylized pilasters,plaster;enameled steel;glass,CC-BY-SA 4.0 / CC0,Wikimedia Commons / Architectural Styles Dataset,True,,train,"Postmodern institutional facade, bold geometric shapes, monumental cylindrical corner rotunda, contrasting bright color accents, stylized classical pilasters, architectural photography","cylindrical rotunda, color accents, stylized pilasters, geometric shapes"
ARC_0099,Postmodern architecture,Postmodern architecture Building specimen 15,axel-riben/arcdataset-brutalism-extension (Wikimedia / Kaggle),https://huggingface.co/datasets/axel-riben/arcdataset-brutalism-extension,011734.jpg,842x768,1.10,stepped clock tower;oversized keystone archway;two-tone masonry,brick;ceramic tile;glass,CC-BY-SA 4.0 / CC0,Wikimedia Commons / Architectural Styles Dataset,True,,train,"Postmodern public library, whimsical stepped clock tower, oversized keystone archway, two-tone brick and tile facade, expressive historicist elements, architectural photography","keystone archway, stepped tower, two-tone brick, historicist motifs"
ARC_0100,Postmodern architecture,Postmodern architecture Building specimen 16,axel-riben/arcdataset-brutalism-extension (Wikimedia / Kaggle),https://huggingface.co/datasets/axel-riben/arcdataset-brutalism-extension,011832.jpg,768x1076,0.71,broken pediment;oversized columns;polychrome panels;cornices,precast concrete;stone cladding;metal,CC-BY-SA 4.0 / CC0,Wikimedia Commons / Architectural Styles Dataset,True,,train,"Postmodern architecture, playful broken pediment roofline, oversized classical columns, polychrome facade panels, decorative geometric cornices, bright daylight, architectural photography","broken pediment, oversized columns, polychrome facade, decorative cornices"
ARC_0101,Postmodern architecture,Postmodern architecture Building specimen 17,axel-riben/arcdataset-brutalism-extension (Wikimedia / Kaggle),https://huggingface.co/datasets/axel-riben/arcdataset-brutalism-extension,011658.jpg,768x1086,0.71,triangular gable;arched entrance window;pastel facade,stucco;tinted glass;granite,CC-BY-SA 4.0 / CC0,Wikimedia Commons / Architectural Styles Dataset,True,,train,"Postmodern civic building, exaggerated triangular gable, pastel stucco walls, monumental arched entrance window, ironic classical motifs, architectural photography","triangular gable, arched window, pastel stucco, classical motifs"
ARC_0102,Postmodern architecture,Postmodern architecture Building specimen 18,axel-riben/arcdataset-brutalism-extension (Wikimedia / Kaggle),https://huggingface.co/datasets/axel-riben/arcdataset-brutalism-extension,011655.jpg,1086x768,1.41,polychrome masonry;punched windows;barrel-vaulted roof,granite;limestone;aluminum,CC-BY-SA 4.0 / CC0,Wikimedia Commons / Architectural Styles Dataset,True,,train,"Postmodern office complex, striped polychrome stone masonry, decorative square punched windows, curved barrel-vaulted roof canopy, eclectic architectural composition, architectural photography","polychrome masonry, punched windows, barrel-vaulted roof, decorative stonework"
ARC_0103,Postmodern architecture,Postmodern architecture Building specimen 19,axel-riben/arcdataset-brutalism-extension (Wikimedia / Kaggle),https://huggingface.co/datasets/axel-riben/arcdataset-brutalism-extension,011694.jpg,1103x768,1.44,cylindrical rotunda;contrasting color accents;stylized pilasters,plaster;enameled steel;glass,CC-BY-SA 4.0 / CC0,Wikimedia Commons / Architectural Styles Dataset,True,,train,"Postmodern institutional facade, bold geometric shapes, monumental cylindrical corner rotunda, contrasting bright color accents, stylized classical pilasters, architectural photography","cylindrical rotunda, color accents, stylized pilasters, geometric shapes"
ARC_0104,Postmodern architecture,Postmodern architecture Building specimen 20,axel-riben/arcdataset-brutalism-extension (Wikimedia / Kaggle),https://huggingface.co/datasets/axel-riben/arcdataset-brutalism-extension,011676.jpg,1126x768,1.47,stepped clock tower;oversized keystone archway;two-tone masonry,brick;ceramic tile;glass,CC-BY-SA 4.0 / CC0,Wikimedia Commons / Architectural Styles Dataset,True,,train,"Postmodern public library, whimsical stepped clock tower, oversized keystone archway, two-tone brick and tile facade, expressive historicist elements, architectural photography","keystone archway, stepped tower, two-tone brick, historicist motifs"
ARC_0105,Postmodern architecture,Postmodern architecture Building specimen 21,axel-riben/arcdataset-brutalism-extension (Wikimedia / Kaggle),https://huggingface.co/datasets/axel-riben/arcdataset-brutalism-extension,011665.jpg,1092x768,1.42,broken pediment;oversized columns;polychrome panels;cornices,precast concrete;stone cladding;metal,CC-BY-SA 4.0 / CC0,Wikimedia Commons / Architectural Styles Dataset,True,,train,"Postmodern architecture, playful broken pediment roofline, oversized classical columns, polychrome facade panels, decorative geometric cornices, bright daylight, architectural photography","broken pediment, oversized columns, polychrome facade, decorative cornices"
ARC_0106,Postmodern architecture,Postmodern architecture Building specimen 22,axel-riben/arcdataset-brutalism-extension (Wikimedia / Kaggle),https://huggingface.co/datasets/axel-riben/arcdataset-brutalism-extension,011816.jpg,1024x768,1.33,triangular gable;arched entrance window;pastel facade,stucco;tinted glass;granite,CC-BY-SA 4.0 / CC0,Wikimedia Commons / Architectural Styles Dataset,True,,train,"Postmodern civic building, exaggerated triangular gable, pastel stucco walls, monumental arched entrance window, ironic classical motifs, architectural photography","triangular gable, arched window, pastel stucco, classical motifs"
ARC_0107,Postmodern architecture,Postmodern architecture Building specimen 23,axel-riben/arcdataset-brutalism-extension (Wikimedia / Kaggle),https://huggingface.co/datasets/axel-riben/arcdataset-brutalism-extension,011787.jpg,1150x768,1.50,polychrome masonry;punched windows;barrel-vaulted roof,granite;limestone;aluminum,CC-BY-SA 4.0 / CC0,Wikimedia Commons / Architectural Styles Dataset,True,,val,"Postmodern office complex, striped polychrome stone masonry, decorative square punched windows, curved barrel-vaulted roof canopy, eclectic architectural composition, architectural photography","polychrome masonry, punched windows, barrel-vaulted roof, decorative stonework"
ARC_0108,Postmodern architecture,Postmodern architecture Building specimen 24,axel-riben/arcdataset-brutalism-extension (Wikimedia / Kaggle),https://huggingface.co/datasets/axel-riben/arcdataset-brutalism-extension,011724.jpg,1151x768,1.50,cylindrical rotunda;contrasting color accents;stylized pilasters,plaster;enameled steel;glass,CC-BY-SA 4.0 / CC0,Wikimedia Commons / Architectural Styles Dataset,True,,val,"Postmodern institutional facade, bold geometric shapes, monumental cylindrical corner rotunda, contrasting bright color accents, stylized classical pilasters, architectural photography","cylindrical rotunda, color accents, stylized pilasters, geometric shapes"
ARC_0109,Postmodern architecture,Postmodern architecture Building specimen 25,axel-riben/arcdataset-brutalism-extension (Wikimedia / Kaggle),https://huggingface.co/datasets/axel-riben/arcdataset-brutalism-extension,011656.jpg,1151x768,1.50,stepped clock tower;oversized keystone archway;two-tone masonry,brick;ceramic tile;glass,CC-BY-SA 4.0 / CC0,Wikimedia Commons / Architectural Styles Dataset,True,,val,"Postmodern public library, whimsical stepped clock tower, oversized keystone archway, two-tone brick and tile facade, expressive historicist elements, architectural photography","keystone archway, stepped tower, two-tone brick, historicist motifs"
ARC_0110,Postmodern architecture,Postmodern architecture Building specimen 26,axel-riben/arcdataset-brutalism-extension (Wikimedia / Kaggle),https://huggingface.co/datasets/axel-riben/arcdataset-brutalism-extension,011740.jpg,1151x768,1.50,broken pediment;oversized columns;polychrome panels;cornices,precast concrete;stone cladding;metal,CC-BY-SA 4.0 / CC0,Wikimedia Commons / Architectural Styles Dataset,True,,test,"Postmodern architecture, playful broken pediment roofline, oversized classical columns, polychrome facade panels, decorative geometric cornices, bright daylight, architectural photography","broken pediment, oversized columns, polychrome facade, decorative cornices"
ARC_0111,Postmodern architecture,Postmodern architecture Building specimen 27,axel-riben/arcdataset-brutalism-extension (Wikimedia / Kaggle),https://huggingface.co/datasets/axel-riben/arcdataset-brutalism-extension,011791.jpg,1151x768,1.50,triangular gable;arched entrance window;pastel facade,stucco;tinted glass;granite,CC-BY-SA 4.0 / CC0,Wikimedia Commons / Architectural Styles Dataset,True,,test,"Postmodern civic building, exaggerated triangular gable, pastel stucco walls, monumental arched entrance window, ironic classical motifs, architectural photography","triangular gable, arched window, pastel stucco, classical motifs"
ARC_0112,Postmodern architecture,Postmodern architecture Building specimen 28,axel-riben/arcdataset-brutalism-extension (Wikimedia / Kaggle),https://huggingface.co/datasets/axel-riben/arcdataset-brutalism-extension,011783.jpg,1153x768,1.50,polychrome masonry;punched windows;barrel-vaulted roof,granite;limestone;aluminum,CC-BY-SA 4.0 / CC0,Wikimedia Commons / Architectural Styles Dataset,True,,test,"Postmodern office complex, striped polychrome stone masonry, decorative square punched windows, curved barrel-vaulted roof canopy, eclectic architectural composition, architectural photography","polychrome masonry, punched windows, barrel-vaulted roof, decorative stonework"
