image_id,style,building_name,source,source_url,original_filename,resolution,aspect_ratio,architectural_elements,materials,license,copyright,split,caption
ARC_0001,Brutalism architecture,Arnulfsplatz  Regensburg 013,axel-riben/arcdataset-brutalism-extension (Wikimedia / Kaggle),https://upload.wikimedia.org/wikipedia/commons/d/da/Arnulfsplatz_-_Regensburg_013.jpg?utm_source=commons.wikimedia.org&utm_campaign=imageinfo&utm_content=original,File:Arnulfsplatz - Regensburg 013.jpg,1536x1024,1.5,cantilevered concrete volumes;deep-set windows;raw concrete finish,board-marked concrete;glass,CC BY-SA 4.0,Wikimedia Commons / Architectural Styles Dataset,train,"Brutalist architecture, monolithic raw concrete facade with visible board-marked texture, massive geometric cantilevered volumes, deep-set rectangular window embrasures, bold structural piers, strong geometric shadow patterns, natural daylight, architectural photography"
ARC_0002,Brutalism architecture,Biurowiec ZREMB Wrocław 20260105,axel-riben/arcdataset-brutalism-extension (Wikimedia / Kaggle),https://upload.wikimedia.org/wikipedia/commons/f/f1/Biurowiec_ZREMB%2C_Wroc%C5%82aw_%282026-01-05%29.jpg?utm_source=commons.wikimedia.org&utm_campaign=imageinfo&utm_content=original,"File:Biurowiec ZREMB, Wrocław (2026-01-05).jpg",1365x1024,1.33,exposed concrete tower;modular grid;recessed windows,reinforced concrete;glass,CC BY-SA 4.0,Wikimedia Commons / Architectural Styles Dataset,train,"Brutalist architecture, monolithic raw concrete facade with visible board-marked texture, massive geometric cantilevered volumes, deep-set rectangular window embrasures, bold structural piers, strong geometric shadow patterns, natural daylight, architectural photography"
ARC_0003,Brutalism architecture,Amenity building university of Bath1,axel-riben/arcdataset-brutalism-extension (Wikimedia / Kaggle),https://upload.wikimedia.org/wikipedia/commons/7/7f/Amenity_building_university_of_Bath1.jpg?utm_source=commons.wikimedia.org&utm_campaign=imageinfo&utm_content=original,File:Amenity building university of Bath1.jpg,1024x1024,1.0,monolithic sculpted concrete;projecting staircase,cast-in-place concrete,CC BY 2.0,Wikimedia Commons / Architectural Styles Dataset,train,"Brutalist architecture, monolithic raw concrete facade with visible board-marked texture, massive geometric cantilevered volumes, deep-set rectangular window embrasures, bold structural piers, strong geometric shadow patterns, natural daylight, architectural photography"
ARC_0004,Brutalism architecture,Bike path bridge and the Palácio da Justiça,axel-riben/arcdataset-brutalism-extension (Wikimedia / Kaggle),https://upload.wikimedia.org/wikipedia/commons/2/2a/Bike_path%2C_bridge%2C_and_the_Pal%C3%A1cio_da_Justi%C3%A7a.jpg?utm_source=commons.wikimedia.org&utm_campaign=imageinfo&utm_content=original,"File:Bike path, bridge, and the Palácio da Justiça.jpg",1574x1024,1.54,tiered concrete terraces;structural piers;ribbon glazing,concrete;steel;glass,CC BY-SA 4.0,Wikimedia Commons / Architectural Styles Dataset,train,"Brutalist architecture, monolithic raw concrete facade with visible board-marked texture, massive geometric cantilevered volumes, deep-set rectangular window embrasures, bold structural piers, strong geometric shadow patterns, natural daylight, architectural photography"
ARC_0005,Brutalism architecture,20210802Kaiserburgbahn1,axel-riben/arcdataset-brutalism-extension (Wikimedia / Kaggle),https://upload.wikimedia.org/wikipedia/commons/a/aa/2021-08-02-Kaiserburgbahn-1.jpg?utm_source=commons.wikimedia.org&utm_campaign=imageinfo&utm_content=original,File:2021-08-02-Kaiserburgbahn-1.jpg,1536x1024,1.5,cantilevered canopy;brise-soleil louvers;modular grid,concrete;aluminum,CC BY-SA 4.0,Wikimedia Commons / Architectural Styles Dataset,train,"Brutalist architecture, monolithic raw concrete facade with visible board-marked texture, massive geometric cantilevered volumes, deep-set rectangular window embrasures, bold structural piers, strong geometric shadow patterns, natural daylight, architectural photography"
ARC_0006,Brutalism architecture,Androclusgebouw,axel-riben/arcdataset-brutalism-extension (Wikimedia / Kaggle),https://upload.wikimedia.org/wikipedia/commons/6/6a/Androclusgebouw.jpg?utm_source=commons.wikimedia.org&utm_campaign=imageinfo&utm_content=original,File:Androclusgebouw.jpg,1536x1024,1.5,bush-hammered concrete;angular geometry;recessed portal,bush-hammered concrete;glass,CC BY-SA 4.0,Wikimedia Commons / Architectural Styles Dataset,train,"Brutalist architecture, monolithic raw concrete facade with visible board-marked texture, massive geometric cantilevered volumes, deep-set rectangular window embrasures, bold structural piers, strong geometric shadow patterns, natural daylight, architectural photography"
ARC_0007,Brutalism architecture,Beograd 45063391832,axel-riben/arcdataset-brutalism-extension (Wikimedia / Kaggle),https://upload.wikimedia.org/wikipedia/commons/c/c6/Beograd_%2845063391832%29.jpg?utm_source=commons.wikimedia.org&utm_campaign=imageinfo&utm_content=original,File:Beograd (45063391832).jpg,1536x1024,1.5,waffle slab soffit;concrete colonnade;deep shadows,board-formed concrete,CC BY 2.0,Wikimedia Commons / Architectural Styles Dataset,train,"Brutalist architecture, monolithic raw concrete facade with visible board-marked texture, massive geometric cantilevered volumes, deep-set rectangular window embrasures, bold structural piers, strong geometric shadow patterns, natural daylight, architectural photography"
ARC_0008,Brutalism architecture,Aanzicht tribune Koning Boudewijnstadion in KesselLo een dee,axel-riben/arcdataset-brutalism-extension (Wikimedia / Kaggle),https://upload.wikimedia.org/wikipedia/commons/9/96/Aanzicht_tribune_Koning_Boudewijnstadion_in_Kessel-Lo_%28een_deelgemeente_van_Leuven%29.jpg?utm_source=commons.wikimedia.org&utm_campaign=imageinfo&utm_content=original,File:Aanzicht tribune Koning Boudewijnstadion in Kessel-Lo (een deelgemeente van Leuven).jpg,1365x1024,1.33,cantilevered concrete volumes;deep-set windows;raw concrete finish,board-marked concrete;glass,CC BY-SA 4.0,Wikimedia Commons / Architectural Styles Dataset,train,"Brutalist architecture, monolithic raw concrete facade with visible board-marked texture, massive geometric cantilevered volumes, deep-set rectangular window embrasures, bold structural piers, strong geometric shadow patterns, natural daylight, architectural photography"
ARC_0009,Brutalism architecture,Bad Tatzmannsdorf  Apotheke Zur göttlichen Vorsehung,axel-riben/arcdataset-brutalism-extension (Wikimedia / Kaggle),https://upload.wikimedia.org/wikipedia/commons/6/6f/Bad_Tatzmannsdorf_-_Apotheke_Zur_g%C3%B6ttlichen_Vorsehung.jpg?utm_source=commons.wikimedia.org&utm_campaign=imageinfo&utm_content=original,File:Bad Tatzmannsdorf - Apotheke Zur göttlichen Vorsehung.jpg,1639x1024,1.6,exposed concrete tower;modular grid;recessed windows,reinforced concrete;glass,CC BY-SA 4.0,Wikimedia Commons / Architectural Styles Dataset,train,"Brutalist architecture, monolithic raw concrete facade with visible board-marked texture, massive geometric cantilevered volumes, deep-set rectangular window embrasures, bold structural piers, strong geometric shadow patterns, natural daylight, architectural photography"
ARC_0010,Brutalism architecture,Bank of Finland Helsinki  DSC05358.JPG,axel-riben/arcdataset-brutalism-extension (Wikimedia / Kaggle),https://upload.wikimedia.org/wikipedia/commons/b/b0/Bank_of_Finland%2C_Helsinki_-_DSC05358.JPG?utm_source=commons.wikimedia.org&utm_campaign=imageinfo&utm_content=original,"File:Bank of Finland, Helsinki - DSC05358.JPG",1365x1024,1.33,monolithic sculpted concrete;projecting staircase,cast-in-place concrete,CC0,Wikimedia Commons / Architectural Styles Dataset,train,"Brutalist architecture, monolithic raw concrete facade with visible board-marked texture, massive geometric cantilevered volumes, deep-set rectangular window embrasures, bold structural piers, strong geometric shadow patterns, natural daylight, architectural photography"
ARC_0011,Brutalism architecture,20241013 171013044 Milutina Milankovića,axel-riben/arcdataset-brutalism-extension (Wikimedia / Kaggle),https://upload.wikimedia.org/wikipedia/commons/a/a7/20241013_171013044_Milutina_Milankovi%C4%87a.jpg?utm_source=commons.wikimedia.org&utm_campaign=imageinfo&utm_content=original,File:20241013 171013044 Milutina Milankovića.jpg,1024x1360,0.75,tiered concrete terraces;structural piers;ribbon glazing,concrete;steel;glass,CC BY 4.0,Wikimedia Commons / Architectural Styles Dataset,train,"Brutalist architecture, monolithic raw concrete facade with visible board-marked texture, massive geometric cantilevered volumes, deep-set rectangular window embrasures, bold structural piers, strong geometric shadow patterns, natural daylight, architectural photography"
ARC_0012,Brutalism architecture,20241013 171550375 Milutina Milankovića,axel-riben/arcdataset-brutalism-extension (Wikimedia / Kaggle),https://upload.wikimedia.org/wikipedia/commons/a/aa/20241013_171550375_Milutina_Milankovi%C4%87a.jpg?utm_source=commons.wikimedia.org&utm_campaign=imageinfo&utm_content=original,File:20241013 171550375 Milutina Milankovića.jpg,1024x1360,0.75,cantilevered canopy;brise-soleil louvers;modular grid,concrete;aluminum,CC BY 4.0,Wikimedia Commons / Architectural Styles Dataset,train,"Brutalist architecture, monolithic raw concrete facade with visible board-marked texture, massive geometric cantilevered volumes, deep-set rectangular window embrasures, bold structural piers, strong geometric shadow patterns, natural daylight, architectural photography"
ARC_0013,Brutalism architecture,20241013 164737561 Milutina Milankovića,axel-riben/arcdataset-brutalism-extension (Wikimedia / Kaggle),https://upload.wikimedia.org/wikipedia/commons/f/f9/20241013_164737561_Milutina_Milankovi%C4%87a.jpg?utm_source=commons.wikimedia.org&utm_campaign=imageinfo&utm_content=original,File:20241013 164737561 Milutina Milankovića.jpg,1360x1024,1.33,bush-hammered concrete;angular geometry;recessed portal,bush-hammered concrete;glass,CC BY 4.0,Wikimedia Commons / Architectural Styles Dataset,train,"Brutalist architecture, monolithic raw concrete facade with visible board-marked texture, massive geometric cantilevered volumes, deep-set rectangular window embrasures, bold structural piers, strong geometric shadow patterns, natural daylight, architectural photography"
ARC_0014,Brutalism architecture,20241013 163115508 Milutina Milankovića,axel-riben/arcdataset-brutalism-extension (Wikimedia / Kaggle),https://upload.wikimedia.org/wikipedia/commons/9/9c/20241013_163115508_Milutina_Milankovi%C4%87a.jpg?utm_source=commons.wikimedia.org&utm_campaign=imageinfo&utm_content=original,File:20241013 163115508 Milutina Milankovića.jpg,1024x1360,0.75,waffle slab soffit;concrete colonnade;deep shadows,board-formed concrete,CC BY 4.0,Wikimedia Commons / Architectural Styles Dataset,train,"Brutalist architecture, monolithic raw concrete facade with visible board-marked texture, massive geometric cantilevered volumes, deep-set rectangular window embrasures, bold structural piers, strong geometric shadow patterns, natural daylight, architectural photography"
ARC_0015,Brutalism architecture,20241013 162541625 Milutina Milankovića,axel-riben/arcdataset-brutalism-extension (Wikimedia / Kaggle),https://upload.wikimedia.org/wikipedia/commons/2/20/20241013_162541625_Milutina_Milankovi%C4%87a.jpg?utm_source=commons.wikimedia.org&utm_campaign=imageinfo&utm_content=original,File:20241013 162541625 Milutina Milankovića.jpg,1024x1360,0.75,cantilevered concrete volumes;deep-set windows;raw concrete finish,board-marked concrete;glass,CC BY 4.0,Wikimedia Commons / Architectural Styles Dataset,train,"Brutalist architecture, monolithic raw concrete facade with visible board-marked texture, massive geometric cantilevered volumes, deep-set rectangular window embrasures, bold structural piers, strong geometric shadow patterns, natural daylight, architectural photography"
ARC_0016,Brutalism architecture,106  110 James Street St. Catharines,axel-riben/arcdataset-brutalism-extension (Wikimedia / Kaggle),https://upload.wikimedia.org/wikipedia/commons/c/ce/106_-_110_James_Street%2C_St._Catharines.jpg?utm_source=commons.wikimedia.org&utm_campaign=imageinfo&utm_content=original,"File:106 - 110 James Street, St. Catharines.jpg",1365x1024,1.33,exposed concrete tower;modular grid;recessed windows,reinforced concrete;glass,CC BY-SA 4.0,Wikimedia Commons / Architectural Styles Dataset,train,"Brutalist architecture, monolithic raw concrete facade with visible board-marked texture, massive geometric cantilevered volumes, deep-set rectangular window embrasures, bold structural piers, strong geometric shadow patterns, natural daylight, architectural photography"
ARC_0017,Brutalism architecture,20150630 former library Doetinchem 01,axel-riben/arcdataset-brutalism-extension (Wikimedia / Kaggle),https://upload.wikimedia.org/wikipedia/commons/6/68/2015-06-30_former_library_Doetinchem_01.jpg?utm_source=commons.wikimedia.org&utm_campaign=imageinfo&utm_content=original,File:2015-06-30 former library Doetinchem 01.jpg,1365x1024,1.33,monolithic sculpted concrete;projecting staircase,cast-in-place concrete,CC BY-SA 4.0,Wikimedia Commons / Architectural Styles Dataset,train,"Brutalist architecture, monolithic raw concrete facade with visible board-marked texture, massive geometric cantilevered volumes, deep-set rectangular window embrasures, bold structural piers, strong geometric shadow patterns, natural daylight, architectural photography"
ARC_0018,Brutalism architecture,20150630 former library Doetinchem 03,axel-riben/arcdataset-brutalism-extension (Wikimedia / Kaggle),https://upload.wikimedia.org/wikipedia/commons/8/8c/2015-06-30_former_library_Doetinchem_03.jpg?utm_source=commons.wikimedia.org&utm_campaign=imageinfo&utm_content=original,File:2015-06-30 former library Doetinchem 03.jpg,1365x1024,1.33,tiered concrete terraces;structural piers;ribbon glazing,concrete;steel;glass,CC BY-SA 4.0,Wikimedia Commons / Architectural Styles Dataset,train,"Brutalist architecture, monolithic raw concrete facade with visible board-marked texture, massive geometric cantilevered volumes, deep-set rectangular window embrasures, bold structural piers, strong geometric shadow patterns, natural daylight, architectural photography"
ARC_0019,Brutalism architecture,Abraham Lincoln Building National Agricultural Library,axel-riben/arcdataset-brutalism-extension (Wikimedia / Kaggle),https://upload.wikimedia.org/wikipedia/commons/d/d7/Abraham_Lincoln_Building%2C_National_Agricultural_Library.jpg?utm_source=commons.wikimedia.org&utm_campaign=imageinfo&utm_content=original,"File:Abraham Lincoln Building, National Agricultural Library.jpg",1024x1111,0.92,cantilevered canopy;brise-soleil louvers;modular grid,concrete;aluminum,CC BY-SA 4.0,Wikimedia Commons / Architectural Styles Dataset,train,"Brutalist architecture, monolithic raw concrete facade with visible board-marked texture, massive geometric cantilevered volumes, deep-set rectangular window embrasures, bold structural piers, strong geometric shadow patterns, natural daylight, architectural photography"
ARC_0020,Brutalism architecture,Blok mieszkalny SPN,axel-riben/arcdataset-brutalism-extension (Wikimedia / Kaggle),https://upload.wikimedia.org/wikipedia/commons/0/09/Blok_mieszkalny_SPN.jpg?utm_source=commons.wikimedia.org&utm_campaign=imageinfo&utm_content=original,File:Blok mieszkalny SPN.jpg,1024x1365,0.75,bush-hammered concrete;angular geometry;recessed portal,bush-hammered concrete;glass,CC0,Wikimedia Commons / Architectural Styles Dataset,train,"Brutalist architecture, monolithic raw concrete facade with visible board-marked texture, massive geometric cantilevered volumes, deep-set rectangular window embrasures, bold structural piers, strong geometric shadow patterns, natural daylight, architectural photography"
ARC_0021,Brutalism architecture,Berlin Wedding bayer parkhaus 14.11.2015 134001,axel-riben/arcdataset-brutalism-extension (Wikimedia / Kaggle),https://upload.wikimedia.org/wikipedia/commons/6/6c/Berlin_Wedding_bayer_parkhaus_14.11.2015_13-40-01.jpg?utm_source=commons.wikimedia.org&utm_campaign=imageinfo&utm_content=original,File:Berlin Wedding bayer parkhaus 14.11.2015 13-40-01.jpg,1301x1024,1.27,waffle slab soffit;concrete colonnade;deep shadows,board-formed concrete,CC BY-SA 4.0,Wikimedia Commons / Architectural Styles Dataset,train,"Brutalist architecture, monolithic raw concrete facade with visible board-marked texture, massive geometric cantilevered volumes, deep-set rectangular window embrasures, bold structural piers, strong geometric shadow patterns, natural daylight, architectural photography"
ARC_0022,Brutalism architecture,Az új központ  panoramio,axel-riben/arcdataset-brutalism-extension (Wikimedia / Kaggle),https://upload.wikimedia.org/wikipedia/commons/e/ee/Az_%C3%BAj_k%C3%B6zpont_-_panoramio.jpg?utm_source=commons.wikimedia.org&utm_campaign=imageinfo&utm_content=original,File:Az új központ - panoramio.jpg,1365x1024,1.33,cantilevered concrete volumes;deep-set windows;raw concrete finish,board-marked concrete;glass,CC BY-SA 3.0,Wikimedia Commons / Architectural Styles Dataset,train,"Brutalist architecture, monolithic raw concrete facade with visible board-marked texture, massive geometric cantilevered volumes, deep-set rectangular window embrasures, bold structural piers, strong geometric shadow patterns, natural daylight, architectural photography"
ARC_0029,Bauhaus architecture,Bauhaus architecture Building specimen 1,axel-riben/arcdataset-brutalism-extension (Wikimedia / Kaggle),https://huggingface.co/datasets/axel-riben/arcdataset-brutalism-extension,003917.jpg,1000x1000,1.0,planar white facade;steel-sash windows;cubic volumes;flat roof,smooth stucco;steel;glass,CC-BY-SA 4.0 / CC0,Wikimedia Commons / Architectural Styles Dataset,train,"Bauhaus architecture, planar smooth white stucco facade, industrial steel-sash ribbon windows, continuous glass curtain wall, flat roof terrace, unornamented cubic building massing, crisp geometric corners, clear natural lighting, architectural photography"
ARC_0030,Bauhaus architecture,Bauhaus architecture Building specimen 2,axel-riben/arcdataset-brutalism-extension (Wikimedia / Kaggle),https://huggingface.co/datasets/axel-riben/arcdataset-brutalism-extension,003870.jpg,1000x1000,1.0,glass curtain wall;structural steel frame;geometric corners,structural steel;plate glass;stucco,CC-BY-SA 4.0 / CC0,Wikimedia Commons / Architectural Styles Dataset,train,"Bauhaus architecture, planar smooth white stucco facade, industrial steel-sash ribbon windows, continuous glass curtain wall, flat roof terrace, unornamented cubic building massing, crisp geometric corners, clear natural lighting, architectural photography"
ARC_0031,Bauhaus architecture,Bauhaus architecture Building specimen 3,axel-riben/arcdataset-brutalism-extension (Wikimedia / Kaggle),https://huggingface.co/datasets/axel-riben/arcdataset-brutalism-extension,003920.jpg,1000x953,1.05,overlapping volumes;cantilevered balconies;tubular railings;window bands,reinforced concrete;stucco;metal,CC-BY-SA 4.0 / CC0,Wikimedia Commons / Architectural Styles Dataset,train,"Bauhaus architecture, planar smooth white stucco facade, industrial steel-sash ribbon windows, continuous glass curtain wall, flat roof terrace, unornamented cubic building massing, crisp geometric corners, clear natural lighting, architectural photography"
ARC_0032,Bauhaus architecture,Bauhaus architecture Building specimen 4,axel-riben/arcdataset-brutalism-extension (Wikimedia / Kaggle),https://huggingface.co/datasets/axel-riben/arcdataset-brutalism-extension,003922.jpg,936x936,1.0,asymmetric composition;steel canopy;industrial glazing,plaster;steel;glass,CC-BY-SA 4.0 / CC0,Wikimedia Commons / Architectural Styles Dataset,train,"Bauhaus architecture, planar smooth white stucco facade, industrial steel-sash ribbon windows, continuous glass curtain wall, flat roof terrace, unornamented cubic building massing, crisp geometric corners, clear natural lighting, architectural photography"
ARC_0033,Bauhaus architecture,Bauhaus architecture Building specimen 5,axel-riben/arcdataset-brutalism-extension (Wikimedia / Kaggle),https://huggingface.co/datasets/axel-riben/arcdataset-brutalism-extension,003921.jpg,789x1000,0.79,cubic massing;corner ribbon windows;recessed balconies;flat roof,stucco;steel;glass,CC-BY-SA 4.0 / CC0,Wikimedia Commons / Architectural Styles Dataset,train,"Bauhaus architecture, planar smooth white stucco facade, industrial steel-sash ribbon windows, continuous glass curtain wall, flat roof terrace, unornamented cubic building massing, crisp geometric corners, clear natural lighting, architectural photography"
ARC_0034,Bauhaus architecture,Bauhaus architecture Building specimen 6,axel-riben/arcdataset-brutalism-extension (Wikimedia / Kaggle),https://huggingface.co/datasets/axel-riben/arcdataset-brutalism-extension,003958.jpg,1024x768,1.33,planar white facade;steel-sash windows;cubic volumes;flat roof,smooth stucco;steel;glass,CC-BY-SA 4.0 / CC0,Wikimedia Commons / Architectural Styles Dataset,train,"Bauhaus architecture, planar smooth white stucco facade, industrial steel-sash ribbon windows, continuous glass curtain wall, flat roof terrace, unornamented cubic building massing, crisp geometric corners, clear natural lighting, architectural photography"
ARC_0035,Bauhaus architecture,Bauhaus architecture Building specimen 7,axel-riben/arcdataset-brutalism-extension (Wikimedia / Kaggle),https://huggingface.co/datasets/axel-riben/arcdataset-brutalism-extension,003955.jpg,1024x768,1.33,glass curtain wall;structural steel frame;geometric corners,structural steel;plate glass;stucco,CC-BY-SA 4.0 / CC0,Wikimedia Commons / Architectural Styles Dataset,train,"Bauhaus architecture, planar smooth white stucco facade, industrial steel-sash ribbon windows, continuous glass curtain wall, flat roof terrace, unornamented cubic building massing, crisp geometric corners, clear natural lighting, architectural photography"
ARC_0036,Bauhaus architecture,Bauhaus architecture Building specimen 8,axel-riben/arcdataset-brutalism-extension (Wikimedia / Kaggle),https://huggingface.co/datasets/axel-riben/arcdataset-brutalism-extension,003940.jpg,1024x768,1.33,overlapping volumes;cantilevered balconies;tubular railings;window bands,reinforced concrete;stucco;metal,CC-BY-SA 4.0 / CC0,Wikimedia Commons / Architectural Styles Dataset,train,"Bauhaus architecture, planar smooth white stucco facade, industrial steel-sash ribbon windows, continuous glass curtain wall, flat roof terrace, unornamented cubic building massing, crisp geometric corners, clear natural lighting, architectural photography"
ARC_0037,Bauhaus architecture,Bauhaus architecture Building specimen 9,axel-riben/arcdataset-brutalism-extension (Wikimedia / Kaggle),https://huggingface.co/datasets/axel-riben/arcdataset-brutalism-extension,003953.jpg,1024x768,1.33,asymmetric composition;steel canopy;industrial glazing,plaster;steel;glass,CC-BY-SA 4.0 / CC0,Wikimedia Commons / Architectural Styles Dataset,train,"Bauhaus architecture, planar smooth white stucco facade, industrial steel-sash ribbon windows, continuous glass curtain wall, flat roof terrace, unornamented cubic building massing, crisp geometric corners, clear natural lighting, architectural photography"
ARC_0038,Bauhaus architecture,Bauhaus architecture Building specimen 10,axel-riben/arcdataset-brutalism-extension (Wikimedia / Kaggle),https://huggingface.co/datasets/axel-riben/arcdataset-brutalism-extension,003919.jpg,1024x768,1.33,cubic massing;corner ribbon windows;recessed balconies;flat roof,stucco;steel;glass,CC-BY-SA 4.0 / CC0,Wikimedia Commons / Architectural Styles Dataset,train,"Bauhaus architecture, planar smooth white stucco facade, industrial steel-sash ribbon windows, continuous glass curtain wall, flat roof terrace, unornamented cubic building massing, crisp geometric corners, clear natural lighting, architectural photography"
ARC_0039,Bauhaus architecture,Bauhaus architecture Building specimen 11,axel-riben/arcdataset-brutalism-extension (Wikimedia / Kaggle),https://huggingface.co/datasets/axel-riben/arcdataset-brutalism-extension,003890.jpg,768x1024,0.75,planar white facade;steel-sash windows;cubic volumes;flat roof,smooth stucco;steel;glass,CC-BY-SA 4.0 / CC0,Wikimedia Commons / Architectural Styles Dataset,train,"Bauhaus architecture, planar smooth white stucco facade, industrial steel-sash ribbon windows, continuous glass curtain wall, flat roof terrace, unornamented cubic building massing, crisp geometric corners, clear natural lighting, architectural photography"
ARC_0040,Bauhaus architecture,Bauhaus architecture Building specimen 12,axel-riben/arcdataset-brutalism-extension (Wikimedia / Kaggle),https://huggingface.co/datasets/axel-riben/arcdataset-brutalism-extension,003928.jpg,1024x768,1.33,glass curtain wall;structural steel frame;geometric corners,structural steel;plate glass;stucco,CC-BY-SA 4.0 / CC0,Wikimedia Commons / Architectural Styles Dataset,train,"Bauhaus architecture, planar smooth white stucco facade, industrial steel-sash ribbon windows, continuous glass curtain wall, flat roof terrace, unornamented cubic building massing, crisp geometric corners, clear natural lighting, architectural photography"
ARC_0041,Bauhaus architecture,Bauhaus architecture Building specimen 13,axel-riben/arcdataset-brutalism-extension (Wikimedia / Kaggle),https://huggingface.co/datasets/axel-riben/arcdataset-brutalism-extension,003876.jpg,1024x768,1.33,overlapping volumes;cantilevered balconies;tubular railings;window bands,reinforced concrete;stucco;metal,CC-BY-SA 4.0 / CC0,Wikimedia Commons / Architectural Styles Dataset,train,"Bauhaus architecture, planar smooth white stucco facade, industrial steel-sash ribbon windows, continuous glass curtain wall, flat roof terrace, unornamented cubic building massing, crisp geometric corners, clear natural lighting, architectural photography"
ARC_0042,Bauhaus architecture,Bauhaus architecture Building specimen 14,axel-riben/arcdataset-brutalism-extension (Wikimedia / Kaggle),https://huggingface.co/datasets/axel-riben/arcdataset-brutalism-extension,003964.jpg,768x1024,0.75,asymmetric composition;steel canopy;industrial glazing,plaster;steel;glass,CC-BY-SA 4.0 / CC0,Wikimedia Commons / Architectural Styles Dataset,train,"Bauhaus architecture, planar smooth white stucco facade, industrial steel-sash ribbon windows, continuous glass curtain wall, flat roof terrace, unornamented cubic building massing, crisp geometric corners, clear natural lighting, architectural photography"
ARC_0043,Bauhaus architecture,Bauhaus architecture Building specimen 15,axel-riben/arcdataset-brutalism-extension (Wikimedia / Kaggle),https://huggingface.co/datasets/axel-riben/arcdataset-brutalism-extension,003923.jpg,1036x768,1.35,cubic massing;corner ribbon windows;recessed balconies;flat roof,stucco;steel;glass,CC-BY-SA 4.0 / CC0,Wikimedia Commons / Architectural Styles Dataset,train,"Bauhaus architecture, planar smooth white stucco facade, industrial steel-sash ribbon windows, continuous glass curtain wall, flat roof terrace, unornamented cubic building massing, crisp geometric corners, clear natural lighting, architectural photography"
ARC_0044,Bauhaus architecture,Bauhaus architecture Building specimen 16,axel-riben/arcdataset-brutalism-extension (Wikimedia / Kaggle),https://huggingface.co/datasets/axel-riben/arcdataset-brutalism-extension,003900.jpg,1045x768,1.36,planar white facade;steel-sash windows;cubic volumes;flat roof,smooth stucco;steel;glass,CC-BY-SA 4.0 / CC0,Wikimedia Commons / Architectural Styles Dataset,train,"Bauhaus architecture, planar smooth white stucco facade, industrial steel-sash ribbon windows, continuous glass curtain wall, flat roof terrace, unornamented cubic building massing, crisp geometric corners, clear natural lighting, architectural photography"
ARC_0045,Bauhaus architecture,Bauhaus architecture Building specimen 17,axel-riben/arcdataset-brutalism-extension (Wikimedia / Kaggle),https://huggingface.co/datasets/axel-riben/arcdataset-brutalism-extension,003930.jpg,768x768,1.0,glass curtain wall;structural steel frame;geometric corners,structural steel;plate glass;stucco,CC-BY-SA 4.0 / CC0,Wikimedia Commons / Architectural Styles Dataset,train,"Bauhaus architecture, planar smooth white stucco facade, industrial steel-sash ribbon windows, continuous glass curtain wall, flat roof terrace, unornamented cubic building massing, crisp geometric corners, clear natural lighting, architectural photography"
ARC_0046,Bauhaus architecture,Bauhaus architecture Building specimen 18,axel-riben/arcdataset-brutalism-extension (Wikimedia / Kaggle),https://huggingface.co/datasets/axel-riben/arcdataset-brutalism-extension,003873.jpg,1067x768,1.39,overlapping volumes;cantilevered balconies;tubular railings;window bands,reinforced concrete;stucco;metal,CC-BY-SA 4.0 / CC0,Wikimedia Commons / Architectural Styles Dataset,train,"Bauhaus architecture, planar smooth white stucco facade, industrial steel-sash ribbon windows, continuous glass curtain wall, flat roof terrace, unornamented cubic building massing, crisp geometric corners, clear natural lighting, architectural photography"
ARC_0047,Bauhaus architecture,Bauhaus architecture Building specimen 19,axel-riben/arcdataset-brutalism-extension (Wikimedia / Kaggle),https://huggingface.co/datasets/axel-riben/arcdataset-brutalism-extension,003948.jpg,1067x768,1.39,asymmetric composition;steel canopy;industrial glazing,plaster;steel;glass,CC-BY-SA 4.0 / CC0,Wikimedia Commons / Architectural Styles Dataset,train,"Bauhaus architecture, planar smooth white stucco facade, industrial steel-sash ribbon windows, continuous glass curtain wall, flat roof terrace, unornamented cubic building massing, crisp geometric corners, clear natural lighting, architectural photography"
ARC_0048,Bauhaus architecture,Bauhaus architecture Building specimen 20,axel-riben/arcdataset-brutalism-extension (Wikimedia / Kaggle),https://huggingface.co/datasets/axel-riben/arcdataset-brutalism-extension,003883.jpg,1068x768,1.39,cubic massing;corner ribbon windows;recessed balconies;flat roof,stucco;steel;glass,CC-BY-SA 4.0 / CC0,Wikimedia Commons / Architectural Styles Dataset,train,"Bauhaus architecture, planar smooth white stucco facade, industrial steel-sash ribbon windows, continuous glass curtain wall, flat roof terrace, unornamented cubic building massing, crisp geometric corners, clear natural lighting, architectural photography"
ARC_0049,Bauhaus architecture,Bauhaus architecture Building specimen 21,axel-riben/arcdataset-brutalism-extension (Wikimedia / Kaggle),https://huggingface.co/datasets/axel-riben/arcdataset-brutalism-extension,003864.jpg,1076x768,1.4,planar white facade;steel-sash windows;cubic volumes;flat roof,smooth stucco;steel;glass,CC-BY-SA 4.0 / CC0,Wikimedia Commons / Architectural Styles Dataset,train,"Bauhaus architecture, planar smooth white stucco facade, industrial steel-sash ribbon windows, continuous glass curtain wall, flat roof terrace, unornamented cubic building massing, crisp geometric corners, clear natural lighting, architectural photography"
ARC_0050,Bauhaus architecture,Bauhaus architecture Building specimen 22,axel-riben/arcdataset-brutalism-extension (Wikimedia / Kaggle),https://huggingface.co/datasets/axel-riben/arcdataset-brutalism-extension,003935.jpg,768x1060,0.72,glass curtain wall;structural steel frame;geometric corners,structural steel;plate glass;stucco,CC-BY-SA 4.0 / CC0,Wikimedia Commons / Architectural Styles Dataset,train,"Bauhaus architecture, planar smooth white stucco facade, industrial steel-sash ribbon windows, continuous glass curtain wall, flat roof terrace, unornamented cubic building massing, crisp geometric corners, clear natural lighting, architectural photography"
ARC_0057,International style,International style Building specimen 1,axel-riben/arcdataset-brutalism-extension (Wikimedia / Kaggle),https://huggingface.co/datasets/axel-riben/arcdataset-brutalism-extension,009835.jpg,1000x820,1.22,modular curtain wall;uniform structural grid;reflective glazing,structural steel;tinted glass;aluminum,CC-BY-SA 4.0 / CC0,Wikimedia Commons / Architectural Styles Dataset,train,"International Style architecture, precise modular steel and glass curtain wall, slender cylindrical pilotis, open ground-floor glass box, continuous horizontal ribbon glazing, planar rectilinear geometry, flat roof slab, daylight, architectural photography"
ARC_0058,International style,International style Building specimen 2,axel-riben/arcdataset-brutalism-extension (Wikimedia / Kaggle),https://huggingface.co/datasets/axel-riben/arcdataset-brutalism-extension,010016.jpg,785x1000,0.79,steel pilotis;open ground floor;floating volume;marble accent,steel;glass;marble,CC-BY-SA 4.0 / CC0,Wikimedia Commons / Architectural Styles Dataset,train,"International Style architecture, precise modular steel and glass curtain wall, slender cylindrical pilotis, open ground-floor glass box, continuous horizontal ribbon glazing, planar rectilinear geometry, flat roof slab, daylight, architectural photography"
ARC_0059,International style,International style Building specimen 3,axel-riben/arcdataset-brutalism-extension (Wikimedia / Kaggle),https://huggingface.co/datasets/axel-riben/arcdataset-brutalism-extension,010087.jpg,768x1024,0.75,concrete spandrels;continuous ribbon glazing;planar geometry,precast concrete;aluminum;glass,CC-BY-SA 4.0 / CC0,Wikimedia Commons / Architectural Styles Dataset,train,"International Style architecture, precise modular steel and glass curtain wall, slender cylindrical pilotis, open ground-floor glass box, continuous horizontal ribbon glazing, planar rectilinear geometry, flat roof slab, daylight, architectural photography"
ARC_0060,International style,International style Building specimen 4,axel-riben/arcdataset-brutalism-extension (Wikimedia / Kaggle),https://huggingface.co/datasets/axel-riben/arcdataset-brutalism-extension,009819.jpg,1024x768,1.33,rectilinear curtain wall;recessed colonnade;flat roof slab,bronze;plate glass;travertine,CC-BY-SA 4.0 / CC0,Wikimedia Commons / Architectural Styles Dataset,train,"International Style architecture, precise modular steel and glass curtain wall, slender cylindrical pilotis, open ground-floor glass box, continuous horizontal ribbon glazing, planar rectilinear geometry, flat roof slab, daylight, architectural photography"
ARC_0061,International style,International style Building specimen 5,axel-riben/arcdataset-brutalism-extension (Wikimedia / Kaggle),https://huggingface.co/datasets/axel-riben/arcdataset-brutalism-extension,009816.jpg,1024x768,1.33,steel mullions;floor-to-ceiling glass;minimalist rhythm,painted steel;glass,CC-BY-SA 4.0 / CC0,Wikimedia Commons / Architectural Styles Dataset,train,"International Style architecture, precise modular steel and glass curtain wall, slender cylindrical pilotis, open ground-floor glass box, continuous horizontal ribbon glazing, planar rectilinear geometry, flat roof slab, daylight, architectural photography"
ARC_0062,International style,International style Building specimen 6,axel-riben/arcdataset-brutalism-extension (Wikimedia / Kaggle),https://huggingface.co/datasets/axel-riben/arcdataset-brutalism-extension,009974.jpg,768x1024,0.75,modular curtain wall;uniform structural grid;reflective glazing,structural steel;tinted glass;aluminum,CC-BY-SA 4.0 / CC0,Wikimedia Commons / Architectural Styles Dataset,train,"International Style architecture, precise modular steel and glass curtain wall, slender cylindrical pilotis, open ground-floor glass box, continuous horizontal ribbon glazing, planar rectilinear geometry, flat roof slab, daylight, architectural photography"
ARC_0063,International style,International style Building specimen 7,axel-riben/arcdataset-brutalism-extension (Wikimedia / Kaggle),https://huggingface.co/datasets/axel-riben/arcdataset-brutalism-extension,009855.jpg,1024x768,1.33,steel pilotis;open ground floor;floating volume;marble accent,steel;glass;marble,CC-BY-SA 4.0 / CC0,Wikimedia Commons / Architectural Styles Dataset,train,"International Style architecture, precise modular steel and glass curtain wall, slender cylindrical pilotis, open ground-floor glass box, continuous horizontal ribbon glazing, planar rectilinear geometry, flat roof slab, daylight, architectural photography"
ARC_0064,International style,International style Building specimen 8,axel-riben/arcdataset-brutalism-extension (Wikimedia / Kaggle),https://huggingface.co/datasets/axel-riben/arcdataset-brutalism-extension,009978.jpg,1024x768,1.33,concrete spandrels;continuous ribbon glazing;planar geometry,precast concrete;aluminum;glass,CC-BY-SA 4.0 / CC0,Wikimedia Commons / Architectural Styles Dataset,train,"International Style architecture, precise modular steel and glass curtain wall, slender cylindrical pilotis, open ground-floor glass box, continuous horizontal ribbon glazing, planar rectilinear geometry, flat roof slab, daylight, architectural photography"
ARC_0065,International style,International style Building specimen 9,axel-riben/arcdataset-brutalism-extension (Wikimedia / Kaggle),https://huggingface.co/datasets/axel-riben/arcdataset-brutalism-extension,010037.jpg,1024x768,1.33,rectilinear curtain wall;recessed colonnade;flat roof slab,bronze;plate glass;travertine,CC-BY-SA 4.0 / CC0,Wikimedia Commons / Architectural Styles Dataset,train,"International Style architecture, precise modular steel and glass curtain wall, slender cylindrical pilotis, open ground-floor glass box, continuous horizontal ribbon glazing, planar rectilinear geometry, flat roof slab, daylight, architectural photography"
ARC_0066,International style,International style Building specimen 10,axel-riben/arcdataset-brutalism-extension (Wikimedia / Kaggle),https://huggingface.co/datasets/axel-riben/arcdataset-brutalism-extension,009972.jpg,1024x768,1.33,steel mullions;floor-to-ceiling glass;minimalist rhythm,painted steel;glass,CC-BY-SA 4.0 / CC0,Wikimedia Commons / Architectural Styles Dataset,train,"International Style architecture, precise modular steel and glass curtain wall, slender cylindrical pilotis, open ground-floor glass box, continuous horizontal ribbon glazing, planar rectilinear geometry, flat roof slab, daylight, architectural photography"
ARC_0067,International style,International style Building specimen 11,axel-riben/arcdataset-brutalism-extension (Wikimedia / Kaggle),https://huggingface.co/datasets/axel-riben/arcdataset-brutalism-extension,009960.jpg,1028x768,1.34,modular curtain wall;uniform structural grid;reflective glazing,structural steel;tinted glass;aluminum,CC-BY-SA 4.0 / CC0,Wikimedia Commons / Architectural Styles Dataset,train,"International Style architecture, precise modular steel and glass curtain wall, slender cylindrical pilotis, open ground-floor glass box, continuous horizontal ribbon glazing, planar rectilinear geometry, flat roof slab, daylight, architectural photography"
ARC_0068,International style,International style Building specimen 12,axel-riben/arcdataset-brutalism-extension (Wikimedia / Kaggle),https://huggingface.co/datasets/axel-riben/arcdataset-brutalism-extension,009893.jpg,768x768,1.0,steel pilotis;open ground floor;floating volume;marble accent,steel;glass;marble,CC-BY-SA 4.0 / CC0,Wikimedia Commons / Architectural Styles Dataset,train,"International Style architecture, precise modular steel and glass curtain wall, slender cylindrical pilotis, open ground-floor glass box, continuous horizontal ribbon glazing, planar rectilinear geometry, flat roof slab, daylight, architectural photography"
ARC_0069,International style,International style Building specimen 13,axel-riben/arcdataset-brutalism-extension (Wikimedia / Kaggle),https://huggingface.co/datasets/axel-riben/arcdataset-brutalism-extension,009852.jpg,1058x768,1.38,concrete spandrels;continuous ribbon glazing;planar geometry,precast concrete;aluminum;glass,CC-BY-SA 4.0 / CC0,Wikimedia Commons / Architectural Styles Dataset,train,"International Style architecture, precise modular steel and glass curtain wall, slender cylindrical pilotis, open ground-floor glass box, continuous horizontal ribbon glazing, planar rectilinear geometry, flat roof slab, daylight, architectural photography"
ARC_0070,International style,International style Building specimen 14,axel-riben/arcdataset-brutalism-extension (Wikimedia / Kaggle),https://huggingface.co/datasets/axel-riben/arcdataset-brutalism-extension,009896.jpg,1076x768,1.4,rectilinear curtain wall;recessed colonnade;flat roof slab,bronze;plate glass;travertine,CC-BY-SA 4.0 / CC0,Wikimedia Commons / Architectural Styles Dataset,train,"International Style architecture, precise modular steel and glass curtain wall, slender cylindrical pilotis, open ground-floor glass box, continuous horizontal ribbon glazing, planar rectilinear geometry, flat roof slab, daylight, architectural photography"
ARC_0071,International style,International style Building specimen 15,axel-riben/arcdataset-brutalism-extension (Wikimedia / Kaggle),https://huggingface.co/datasets/axel-riben/arcdataset-brutalism-extension,009943.jpg,1092x768,1.42,steel mullions;floor-to-ceiling glass;minimalist rhythm,painted steel;glass,CC-BY-SA 4.0 / CC0,Wikimedia Commons / Architectural Styles Dataset,train,"International Style architecture, precise modular steel and glass curtain wall, slender cylindrical pilotis, open ground-floor glass box, continuous horizontal ribbon glazing, planar rectilinear geometry, flat roof slab, daylight, architectural photography"
ARC_0072,International style,International style Building specimen 16,axel-riben/arcdataset-brutalism-extension (Wikimedia / Kaggle),https://huggingface.co/datasets/axel-riben/arcdataset-brutalism-extension,009822.jpg,768x1026,0.75,modular curtain wall;uniform structural grid;reflective glazing,structural steel;tinted glass;aluminum,CC-BY-SA 4.0 / CC0,Wikimedia Commons / Architectural Styles Dataset,train,"International Style architecture, precise modular steel and glass curtain wall, slender cylindrical pilotis, open ground-floor glass box, continuous horizontal ribbon glazing, planar rectilinear geometry, flat roof slab, daylight, architectural photography"
ARC_0073,International style,International style Building specimen 17,axel-riben/arcdataset-brutalism-extension (Wikimedia / Kaggle),https://huggingface.co/datasets/axel-riben/arcdataset-brutalism-extension,009921.jpg,1026x768,1.34,steel pilotis;open ground floor;floating volume;marble accent,steel;glass;marble,CC-BY-SA 4.0 / CC0,Wikimedia Commons / Architectural Styles Dataset,train,"International Style architecture, precise modular steel and glass curtain wall, slender cylindrical pilotis, open ground-floor glass box, continuous horizontal ribbon glazing, planar rectilinear geometry, flat roof slab, daylight, architectural photography"
ARC_0074,International style,International style Building specimen 18,axel-riben/arcdataset-brutalism-extension (Wikimedia / Kaggle),https://huggingface.co/datasets/axel-riben/arcdataset-brutalism-extension,009834.jpg,1150x768,1.5,concrete spandrels;continuous ribbon glazing;planar geometry,precast concrete;aluminum;glass,CC-BY-SA 4.0 / CC0,Wikimedia Commons / Architectural Styles Dataset,train,"International Style architecture, precise modular steel and glass curtain wall, slender cylindrical pilotis, open ground-floor glass box, continuous horizontal ribbon glazing, planar rectilinear geometry, flat roof slab, daylight, architectural photography"
ARC_0075,International style,International style Building specimen 19,axel-riben/arcdataset-brutalism-extension (Wikimedia / Kaggle),https://huggingface.co/datasets/axel-riben/arcdataset-brutalism-extension,010039.jpg,1151x768,1.5,rectilinear curtain wall;recessed colonnade;flat roof slab,bronze;plate glass;travertine,CC-BY-SA 4.0 / CC0,Wikimedia Commons / Architectural Styles Dataset,train,"International Style architecture, precise modular steel and glass curtain wall, slender cylindrical pilotis, open ground-floor glass box, continuous horizontal ribbon glazing, planar rectilinear geometry, flat roof slab, daylight, architectural photography"
ARC_0076,International style,International style Building specimen 20,axel-riben/arcdataset-brutalism-extension (Wikimedia / Kaggle),https://huggingface.co/datasets/axel-riben/arcdataset-brutalism-extension,009841.jpg,1151x768,1.5,steel mullions;floor-to-ceiling glass;minimalist rhythm,painted steel;glass,CC-BY-SA 4.0 / CC0,Wikimedia Commons / Architectural Styles Dataset,train,"International Style architecture, precise modular steel and glass curtain wall, slender cylindrical pilotis, open ground-floor glass box, continuous horizontal ribbon glazing, planar rectilinear geometry, flat roof slab, daylight, architectural photography"
ARC_0077,International style,International style Building specimen 21,axel-riben/arcdataset-brutalism-extension (Wikimedia / Kaggle),https://huggingface.co/datasets/axel-riben/arcdataset-brutalism-extension,010086.jpg,1151x768,1.5,modular curtain wall;uniform structural grid;reflective glazing,structural steel;tinted glass;aluminum,CC-BY-SA 4.0 / CC0,Wikimedia Commons / Architectural Styles Dataset,train,"International Style architecture, precise modular steel and glass curtain wall, slender cylindrical pilotis, open ground-floor glass box, continuous horizontal ribbon glazing, planar rectilinear geometry, flat roof slab, daylight, architectural photography"
ARC_0078,International style,International style Building specimen 22,axel-riben/arcdataset-brutalism-extension (Wikimedia / Kaggle),https://huggingface.co/datasets/axel-riben/arcdataset-brutalism-extension,009989.jpg,768x1151,0.67,steel pilotis;open ground floor;floating volume;marble accent,steel;glass;marble,CC-BY-SA 4.0 / CC0,Wikimedia Commons / Architectural Styles Dataset,train,"International Style architecture, precise modular steel and glass curtain wall, slender cylindrical pilotis, open ground-floor glass box, continuous horizontal ribbon glazing, planar rectilinear geometry, flat roof slab, daylight, architectural photography"
ARC_0085,Postmodern architecture,Postmodern architecture Building specimen 1,axel-riben/arcdataset-brutalism-extension (Wikimedia / Kaggle),https://huggingface.co/datasets/axel-riben/arcdataset-brutalism-extension,011652.jpg,1000x1000,1.0,broken pediment;oversized columns;polychrome panels;cornices,precast concrete;stone cladding;metal,CC-BY-SA 4.0 / CC0,Wikimedia Commons / Architectural Styles Dataset,train,"Postmodern architecture, expressive historicist facade, playful broken pediment roofline, oversized classical columns, contrasting polychrome facade panels, decorative geometric cornices, punched square windows, daylight, architectural photography"
ARC_0086,Postmodern architecture,Postmodern architecture Building specimen 2,axel-riben/arcdataset-brutalism-extension (Wikimedia / Kaggle),https://huggingface.co/datasets/axel-riben/arcdataset-brutalism-extension,011644.jpg,1000x1000,1.0,triangular gable;arched entrance window;pastel facade,stucco;tinted glass;granite,CC-BY-SA 4.0 / CC0,Wikimedia Commons / Architectural Styles Dataset,train,"Postmodern architecture, expressive historicist facade, playful broken pediment roofline, oversized classical columns, contrasting polychrome facade panels, decorative geometric cornices, punched square windows, daylight, architectural photography"
ARC_0087,Postmodern architecture,Postmodern architecture Building specimen 3,axel-riben/arcdataset-brutalism-extension (Wikimedia / Kaggle),https://huggingface.co/datasets/axel-riben/arcdataset-brutalism-extension,011742.jpg,1000x913,1.1,polychrome masonry;punched windows;barrel-vaulted roof,granite;limestone;aluminum,CC-BY-SA 4.0 / CC0,Wikimedia Commons / Architectural Styles Dataset,train,"Postmodern architecture, expressive historicist facade, playful broken pediment roofline, oversized classical columns, contrasting polychrome facade panels, decorative geometric cornices, punched square windows, daylight, architectural photography"
ARC_0088,Postmodern architecture,Postmodern architecture Building specimen 4,axel-riben/arcdataset-brutalism-extension (Wikimedia / Kaggle),https://huggingface.co/datasets/axel-riben/arcdataset-brutalism-extension,011648.jpg,1000x903,1.11,cylindrical rotunda;contrasting color accents;stylized pilasters,plaster;enameled steel;glass,CC-BY-SA 4.0 / CC0,Wikimedia Commons / Architectural Styles Dataset,train,"Postmodern architecture, expressive historicist facade, playful broken pediment roofline, oversized classical columns, contrasting polychrome facade panels, decorative geometric cornices, punched square windows, daylight, architectural photography"
ARC_0089,Postmodern architecture,Postmodern architecture Building specimen 5,axel-riben/arcdataset-brutalism-extension (Wikimedia / Kaggle),https://huggingface.co/datasets/axel-riben/arcdataset-brutalism-extension,011778.jpg,864x864,1.0,stepped clock tower;oversized keystone archway;two-tone masonry,brick;ceramic tile;glass,CC-BY-SA 4.0 / CC0,Wikimedia Commons / Architectural Styles Dataset,train,"Postmodern architecture, expressive historicist facade, playful broken pediment roofline, oversized classical columns, contrasting polychrome facade panels, decorative geometric cornices, punched square windows, daylight, architectural photography"
ARC_0090,Postmodern architecture,Postmodern architecture Building specimen 6,axel-riben/arcdataset-brutalism-extension (Wikimedia / Kaggle),https://huggingface.co/datasets/axel-riben/arcdataset-brutalism-extension,011834.jpg,812x1000,0.81,broken pediment;oversized columns;polychrome panels;cornices,precast concrete;stone cladding;metal,CC-BY-SA 4.0 / CC0,Wikimedia Commons / Architectural Styles Dataset,train,"Postmodern architecture, expressive historicist facade, playful broken pediment roofline, oversized classical columns, contrasting polychrome facade panels, decorative geometric cornices, punched square windows, daylight, architectural photography"
ARC_0091,Postmodern architecture,Postmodern architecture Building specimen 7,axel-riben/arcdataset-brutalism-extension (Wikimedia / Kaggle),https://huggingface.co/datasets/axel-riben/arcdataset-brutalism-extension,011781.jpg,800x933,0.86,triangular gable;arched entrance window;pastel facade,stucco;tinted glass;granite,CC-BY-SA 4.0 / CC0,Wikimedia Commons / Architectural Styles Dataset,train,"Postmodern architecture, expressive historicist facade, playful broken pediment roofline, oversized classical columns, contrasting polychrome facade panels, decorative geometric cornices, punched square windows, daylight, architectural photography"
ARC_0092,Postmodern architecture,Postmodern architecture Building specimen 8,axel-riben/arcdataset-brutalism-extension (Wikimedia / Kaggle),https://huggingface.co/datasets/axel-riben/arcdataset-brutalism-extension,011696.jpg,1000x800,1.25,polychrome masonry;punched windows;barrel-vaulted roof,granite;limestone;aluminum,CC-BY-SA 4.0 / CC0,Wikimedia Commons / Architectural Styles Dataset,train,"Postmodern architecture, expressive historicist facade, playful broken pediment roofline, oversized classical columns, contrasting polychrome facade panels, decorative geometric cornices, punched square windows, daylight, architectural photography"
ARC_0093,Postmodern architecture,Postmodern architecture Building specimen 9,axel-riben/arcdataset-brutalism-extension (Wikimedia / Kaggle),https://huggingface.co/datasets/axel-riben/arcdataset-brutalism-extension,011683.jpg,1000x772,1.3,cylindrical rotunda;contrasting color accents;stylized pilasters,plaster;enameled steel;glass,CC-BY-SA 4.0 / CC0,Wikimedia Commons / Architectural Styles Dataset,train,"Postmodern architecture, expressive historicist facade, playful broken pediment roofline, oversized classical columns, contrasting polychrome facade panels, decorative geometric cornices, punched square windows, daylight, architectural photography"
ARC_0094,Postmodern architecture,Postmodern architecture Building specimen 10,axel-riben/arcdataset-brutalism-extension (Wikimedia / Kaggle),https://huggingface.co/datasets/axel-riben/arcdataset-brutalism-extension,011698.jpg,1024x768,1.33,stepped clock tower;oversized keystone archway;two-tone masonry,brick;ceramic tile;glass,CC-BY-SA 4.0 / CC0,Wikimedia Commons / Architectural Styles Dataset,train,"Postmodern architecture, expressive historicist facade, playful broken pediment roofline, oversized classical columns, contrasting polychrome facade panels, decorative geometric cornices, punched square windows, daylight, architectural photography"
ARC_0095,Postmodern architecture,Postmodern architecture Building specimen 11,axel-riben/arcdataset-brutalism-extension (Wikimedia / Kaggle),https://huggingface.co/datasets/axel-riben/arcdataset-brutalism-extension,011649.jpg,1024x768,1.33,broken pediment;oversized columns;polychrome panels;cornices,precast concrete;stone cladding;metal,CC-BY-SA 4.0 / CC0,Wikimedia Commons / Architectural Styles Dataset,train,"Postmodern architecture, expressive historicist facade, playful broken pediment roofline, oversized classical columns, contrasting polychrome facade panels, decorative geometric cornices, punched square windows, daylight, architectural photography"
ARC_0096,Postmodern architecture,Postmodern architecture Building specimen 12,axel-riben/arcdataset-brutalism-extension (Wikimedia / Kaggle),https://huggingface.co/datasets/axel-riben/arcdataset-brutalism-extension,011751.jpg,1024x768,1.33,triangular gable;arched entrance window;pastel facade,stucco;tinted glass;granite,CC-BY-SA 4.0 / CC0,Wikimedia Commons / Architectural Styles Dataset,train,"Postmodern architecture, expressive historicist facade, playful broken pediment roofline, oversized classical columns, contrasting polychrome facade panels, decorative geometric cornices, punched square windows, daylight, architectural photography"
ARC_0097,Postmodern architecture,Postmodern architecture Building specimen 13,axel-riben/arcdataset-brutalism-extension (Wikimedia / Kaggle),https://huggingface.co/datasets/axel-riben/arcdataset-brutalism-extension,011679.jpg,768x1024,0.75,polychrome masonry;punched windows;barrel-vaulted roof,granite;limestone;aluminum,CC-BY-SA 4.0 / CC0,Wikimedia Commons / Architectural Styles Dataset,train,"Postmodern architecture, expressive historicist facade, playful broken pediment roofline, oversized classical columns, contrasting polychrome facade panels, decorative geometric cornices, punched square windows, daylight, architectural photography"
ARC_0098,Postmodern architecture,Postmodern architecture Building specimen 14,axel-riben/arcdataset-brutalism-extension (Wikimedia / Kaggle),https://huggingface.co/datasets/axel-riben/arcdataset-brutalism-extension,011800.jpg,1043x768,1.36,cylindrical rotunda;contrasting color accents;stylized pilasters,plaster;enameled steel;glass,CC-BY-SA 4.0 / CC0,Wikimedia Commons / Architectural Styles Dataset,train,"Postmodern architecture, expressive historicist facade, playful broken pediment roofline, oversized classical columns, contrasting polychrome facade panels, decorative geometric cornices, punched square windows, daylight, architectural photography"
ARC_0099,Postmodern architecture,Postmodern architecture Building specimen 15,axel-riben/arcdataset-brutalism-extension (Wikimedia / Kaggle),https://huggingface.co/datasets/axel-riben/arcdataset-brutalism-extension,011734.jpg,842x768,1.1,stepped clock tower;oversized keystone archway;two-tone masonry,brick;ceramic tile;glass,CC-BY-SA 4.0 / CC0,Wikimedia Commons / Architectural Styles Dataset,train,"Postmodern architecture, expressive historicist facade, playful broken pediment roofline, oversized classical columns, contrasting polychrome facade panels, decorative geometric cornices, punched square windows, daylight, architectural photography"
ARC_0100,Postmodern architecture,Postmodern architecture Building specimen 16,axel-riben/arcdataset-brutalism-extension (Wikimedia / Kaggle),https://huggingface.co/datasets/axel-riben/arcdataset-brutalism-extension,011832.jpg,768x1076,0.71,broken pediment;oversized columns;polychrome panels;cornices,precast concrete;stone cladding;metal,CC-BY-SA 4.0 / CC0,Wikimedia Commons / Architectural Styles Dataset,train,"Postmodern architecture, expressive historicist facade, playful broken pediment roofline, oversized classical columns, contrasting polychrome facade panels, decorative geometric cornices, punched square windows, daylight, architectural photography"
ARC_0101,Postmodern architecture,Postmodern architecture Building specimen 17,axel-riben/arcdataset-brutalism-extension (Wikimedia / Kaggle),https://huggingface.co/datasets/axel-riben/arcdataset-brutalism-extension,011658.jpg,768x1086,0.71,triangular gable;arched entrance window;pastel facade,stucco;tinted glass;granite,CC-BY-SA 4.0 / CC0,Wikimedia Commons / Architectural Styles Dataset,train,"Postmodern architecture, expressive historicist facade, playful broken pediment roofline, oversized classical columns, contrasting polychrome facade panels, decorative geometric cornices, punched square windows, daylight, architectural photography"
ARC_0102,Postmodern architecture,Postmodern architecture Building specimen 18,axel-riben/arcdataset-brutalism-extension (Wikimedia / Kaggle),https://huggingface.co/datasets/axel-riben/arcdataset-brutalism-extension,011655.jpg,1086x768,1.41,polychrome masonry;punched windows;barrel-vaulted roof,granite;limestone;aluminum,CC-BY-SA 4.0 / CC0,Wikimedia Commons / Architectural Styles Dataset,train,"Postmodern architecture, expressive historicist facade, playful broken pediment roofline, oversized classical columns, contrasting polychrome facade panels, decorative geometric cornices, punched square windows, daylight, architectural photography"
ARC_0103,Postmodern architecture,Postmodern architecture Building specimen 19,axel-riben/arcdataset-brutalism-extension (Wikimedia / Kaggle),https://huggingface.co/datasets/axel-riben/arcdataset-brutalism-extension,011694.jpg,1103x768,1.44,cylindrical rotunda;contrasting color accents;stylized pilasters,plaster;enameled steel;glass,CC-BY-SA 4.0 / CC0,Wikimedia Commons / Architectural Styles Dataset,train,"Postmodern architecture, expressive historicist facade, playful broken pediment roofline, oversized classical columns, contrasting polychrome facade panels, decorative geometric cornices, punched square windows, daylight, architectural photography"
ARC_0104,Postmodern architecture,Postmodern architecture Building specimen 20,axel-riben/arcdataset-brutalism-extension (Wikimedia / Kaggle),https://huggingface.co/datasets/axel-riben/arcdataset-brutalism-extension,011676.jpg,1126x768,1.47,stepped clock tower;oversized keystone archway;two-tone masonry,brick;ceramic tile;glass,CC-BY-SA 4.0 / CC0,Wikimedia Commons / Architectural Styles Dataset,train,"Postmodern architecture, expressive historicist facade, playful broken pediment roofline, oversized classical columns, contrasting polychrome facade panels, decorative geometric cornices, punched square windows, daylight, architectural photography"
ARC_0105,Postmodern architecture,Postmodern architecture Building specimen 21,axel-riben/arcdataset-brutalism-extension (Wikimedia / Kaggle),https://huggingface.co/datasets/axel-riben/arcdataset-brutalism-extension,011665.jpg,1092x768,1.42,broken pediment;oversized columns;polychrome panels;cornices,precast concrete;stone cladding;metal,CC-BY-SA 4.0 / CC0,Wikimedia Commons / Architectural Styles Dataset,train,"Postmodern architecture, expressive historicist facade, playful broken pediment roofline, oversized classical columns, contrasting polychrome facade panels, decorative geometric cornices, punched square windows, daylight, architectural photography"
ARC_0106,Postmodern architecture,Postmodern architecture Building specimen 22,axel-riben/arcdataset-brutalism-extension (Wikimedia / Kaggle),https://huggingface.co/datasets/axel-riben/arcdataset-brutalism-extension,011816.jpg,1024x768,1.33,triangular gable;arched entrance window;pastel facade,stucco;tinted glass;granite,CC-BY-SA 4.0 / CC0,Wikimedia Commons / Architectural Styles Dataset,train,"Postmodern architecture, expressive historicist facade, playful broken pediment roofline, oversized classical columns, contrasting polychrome facade panels, decorative geometric cornices, punched square windows, daylight, architectural photography"
