style,image_id_1,image_id_2,similarity,flag
Brutalism architecture,ARC_0001,ARC_0004,0.704,MODERATE_SIMILARITY
Brutalism architecture,ARC_0001,ARC_0006,0.7182,MODERATE_SIMILARITY
Brutalism architecture,ARC_0001,ARC_0007,0.729,MODERATE_SIMILARITY
Brutalism architecture,ARC_0001,ARC_0008,0.7266,MODERATE_SIMILARITY
Brutalism architecture,ARC_0001,ARC_0009,0.7521,HIGH_SIMILARITY
Brutalism architecture,ARC_0001,ARC_0010,0.7671,HIGH_SIMILARITY
Brutalism architecture,ARC_0001,ARC_0012,0.7427,MODERATE_SIMILARITY
Brutalism architecture,ARC_0001,ARC_0013,0.788,HIGH_SIMILARITY
Brutalism architecture,ARC_0001,ARC_0014,0.8097,HIGH_SIMILARITY
Brutalism architecture,ARC_0001,ARC_0015,0.7113,MODERATE_SIMILARITY
Brutalism architecture,ARC_0001,ARC_0016,0.7345,MODERATE_SIMILARITY
Brutalism architecture,ARC_0001,ARC_0017,0.747,MODERATE_SIMILARITY
Brutalism architecture,ARC_0001,ARC_0018,0.773,HIGH_SIMILARITY
Brutalism architecture,ARC_0001,ARC_0020,0.8381,HIGH_SIMILARITY
Brutalism architecture,ARC_0001,ARC_0021,0.8218,HIGH_SIMILARITY
Brutalism architecture,ARC_0001,ARC_0023,0.7473,MODERATE_SIMILARITY
Brutalism architecture,ARC_0001,ARC_0024,0.7109,MODERATE_SIMILARITY
Brutalism architecture,ARC_0001,ARC_0025,0.7191,MODERATE_SIMILARITY
Brutalism architecture,ARC_0001,ARC_0026,0.8218,HIGH_SIMILARITY
Brutalism architecture,ARC_0001,ARC_0028,0.7963,HIGH_SIMILARITY
Brutalism architecture,ARC_0002,ARC_0003,0.7044,MODERATE_SIMILARITY
Brutalism architecture,ARC_0002,ARC_0011,0.739,MODERATE_SIMILARITY
Brutalism architecture,ARC_0002,ARC_0012,0.7068,MODERATE_SIMILARITY
Brutalism architecture,ARC_0002,ARC_0015,0.7406,MODERATE_SIMILARITY
Brutalism architecture,ARC_0003,ARC_0004,0.7427,MODERATE_SIMILARITY
Brutalism architecture,ARC_0003,ARC_0006,0.7256,MODERATE_SIMILARITY
Brutalism architecture,ARC_0003,ARC_0008,0.7348,MODERATE_SIMILARITY
Brutalism architecture,ARC_0003,ARC_0009,0.7125,MODERATE_SIMILARITY
Brutalism architecture,ARC_0003,ARC_0010,0.7383,MODERATE_SIMILARITY
Brutalism architecture,ARC_0003,ARC_0012,0.7093,MODERATE_SIMILARITY
Brutalism architecture,ARC_0003,ARC_0016,0.7664,HIGH_SIMILARITY
Brutalism architecture,ARC_0003,ARC_0017,0.8246,HIGH_SIMILARITY
Brutalism architecture,ARC_0003,ARC_0018,0.8217,HIGH_SIMILARITY
Brutalism architecture,ARC_0003,ARC_0020,0.7131,MODERATE_SIMILARITY
Brutalism architecture,ARC_0003,ARC_0021,0.7064,MODERATE_SIMILARITY
Brutalism architecture,ARC_0003,ARC_0024,0.7097,MODERATE_SIMILARITY
Brutalism architecture,ARC_0003,ARC_0026,0.7515,HIGH_SIMILARITY
Brutalism architecture,ARC_0004,ARC_0006,0.7791,HIGH_SIMILARITY
Brutalism architecture,ARC_0004,ARC_0008,0.7169,MODERATE_SIMILARITY
Brutalism architecture,ARC_0004,ARC_0009,0.7554,HIGH_SIMILARITY
Brutalism architecture,ARC_0004,ARC_0010,0.7027,MODERATE_SIMILARITY
Brutalism architecture,ARC_0004,ARC_0013,0.7166,MODERATE_SIMILARITY
Brutalism architecture,ARC_0004,ARC_0016,0.7219,MODERATE_SIMILARITY
Brutalism architecture,ARC_0004,ARC_0017,0.7707,HIGH_SIMILARITY
Brutalism architecture,ARC_0004,ARC_0018,0.7387,MODERATE_SIMILARITY
Brutalism architecture,ARC_0004,ARC_0020,0.7207,MODERATE_SIMILARITY
Brutalism architecture,ARC_0004,ARC_0021,0.7144,MODERATE_SIMILARITY
Brutalism architecture,ARC_0004,ARC_0026,0.7038,MODERATE_SIMILARITY
Brutalism architecture,ARC_0006,ARC_0010,0.7802,HIGH_SIMILARITY
Brutalism architecture,ARC_0006,ARC_0011,0.7577,HIGH_SIMILARITY
Brutalism architecture,ARC_0006,ARC_0012,0.7681,HIGH_SIMILARITY
Brutalism architecture,ARC_0006,ARC_0013,0.7425,MODERATE_SIMILARITY
Brutalism architecture,ARC_0006,ARC_0014,0.7597,HIGH_SIMILARITY
Brutalism architecture,ARC_0006,ARC_0015,0.7513,HIGH_SIMILARITY
Brutalism architecture,ARC_0006,ARC_0016,0.7069,MODERATE_SIMILARITY
Brutalism architecture,ARC_0006,ARC_0017,0.7256,MODERATE_SIMILARITY
Brutalism architecture,ARC_0006,ARC_0018,0.7045,MODERATE_SIMILARITY
Brutalism architecture,ARC_0006,ARC_0020,0.7892,HIGH_SIMILARITY
Brutalism architecture,ARC_0006,ARC_0021,0.7638,HIGH_SIMILARITY
Brutalism architecture,ARC_0006,ARC_0024,0.7329,MODERATE_SIMILARITY
Brutalism architecture,ARC_0006,ARC_0025,0.7582,HIGH_SIMILARITY
Brutalism architecture,ARC_0006,ARC_0026,0.7482,MODERATE_SIMILARITY
Brutalism architecture,ARC_0006,ARC_0027,0.7769,HIGH_SIMILARITY
Brutalism architecture,ARC_0006,ARC_0028,0.737,MODERATE_SIMILARITY
Brutalism architecture,ARC_0007,ARC_0010,0.7486,MODERATE_SIMILARITY
Brutalism architecture,ARC_0007,ARC_0011,0.7257,MODERATE_SIMILARITY
Brutalism architecture,ARC_0007,ARC_0012,0.7193,MODERATE_SIMILARITY
Brutalism architecture,ARC_0007,ARC_0013,0.7408,MODERATE_SIMILARITY
Brutalism architecture,ARC_0007,ARC_0014,0.7854,HIGH_SIMILARITY
Brutalism architecture,ARC_0007,ARC_0015,0.8152,HIGH_SIMILARITY
Brutalism architecture,ARC_0007,ARC_0020,0.829,HIGH_SIMILARITY
Brutalism architecture,ARC_0007,ARC_0021,0.7322,MODERATE_SIMILARITY
Brutalism architecture,ARC_0007,ARC_0024,0.8425,HIGH_SIMILARITY
Brutalism architecture,ARC_0007,ARC_0025,0.7578,HIGH_SIMILARITY
Brutalism architecture,ARC_0007,ARC_0026,0.8062,HIGH_SIMILARITY
Brutalism architecture,ARC_0007,ARC_0028,0.7749,HIGH_SIMILARITY
Brutalism architecture,ARC_0008,ARC_0016,0.717,MODERATE_SIMILARITY
Brutalism architecture,ARC_0008,ARC_0017,0.721,MODERATE_SIMILARITY
Brutalism architecture,ARC_0008,ARC_0018,0.7347,MODERATE_SIMILARITY
Brutalism architecture,ARC_0008,ARC_0020,0.7319,MODERATE_SIMILARITY
Brutalism architecture,ARC_0008,ARC_0021,0.7383,MODERATE_SIMILARITY
Brutalism architecture,ARC_0008,ARC_0027,0.7034,MODERATE_SIMILARITY
Brutalism architecture,ARC_0009,ARC_0013,0.7437,MODERATE_SIMILARITY
Brutalism architecture,ARC_0009,ARC_0014,0.7026,MODERATE_SIMILARITY
Brutalism architecture,ARC_0009,ARC_0016,0.7535,HIGH_SIMILARITY
Brutalism architecture,ARC_0009,ARC_0017,0.7956,HIGH_SIMILARITY
Brutalism architecture,ARC_0009,ARC_0018,0.7489,MODERATE_SIMILARITY
Brutalism architecture,ARC_0009,ARC_0020,0.7378,MODERATE_SIMILARITY
Brutalism architecture,ARC_0009,ARC_0021,0.7514,HIGH_SIMILARITY
Brutalism architecture,ARC_0009,ARC_0026,0.7337,MODERATE_SIMILARITY
Brutalism architecture,ARC_0009,ARC_0027,0.7189,MODERATE_SIMILARITY
Brutalism architecture,ARC_0009,ARC_0028,0.7401,MODERATE_SIMILARITY
Brutalism architecture,ARC_0010,ARC_0012,0.7663,HIGH_SIMILARITY
Brutalism architecture,ARC_0010,ARC_0013,0.7275,MODERATE_SIMILARITY
Brutalism architecture,ARC_0010,ARC_0014,0.8059,HIGH_SIMILARITY
Brutalism architecture,ARC_0010,ARC_0015,0.7675,HIGH_SIMILARITY
Brutalism architecture,ARC_0010,ARC_0016,0.7402,MODERATE_SIMILARITY
Brutalism architecture,ARC_0010,ARC_0017,0.7272,MODERATE_SIMILARITY
Brutalism architecture,ARC_0010,ARC_0018,0.731,MODERATE_SIMILARITY
Brutalism architecture,ARC_0010,ARC_0020,0.8223,HIGH_SIMILARITY
Brutalism architecture,ARC_0010,ARC_0021,0.7871,HIGH_SIMILARITY
Brutalism architecture,ARC_0010,ARC_0023,0.712,MODERATE_SIMILARITY
Brutalism architecture,ARC_0010,ARC_0024,0.8064,HIGH_SIMILARITY
Brutalism architecture,ARC_0010,ARC_0025,0.7776,HIGH_SIMILARITY
Brutalism architecture,ARC_0010,ARC_0026,0.7982,HIGH_SIMILARITY
Brutalism architecture,ARC_0010,ARC_0027,0.7294,MODERATE_SIMILARITY
Brutalism architecture,ARC_0010,ARC_0028,0.7382,MODERATE_SIMILARITY
Brutalism architecture,ARC_0011,ARC_0014,0.7017,MODERATE_SIMILARITY
Brutalism architecture,ARC_0011,ARC_0015,0.8216,HIGH_SIMILARITY
Brutalism architecture,ARC_0011,ARC_0019,0.7834,HIGH_SIMILARITY
Brutalism architecture,ARC_0011,ARC_0025,0.7117,MODERATE_SIMILARITY
Brutalism architecture,ARC_0011,ARC_0027,0.7417,MODERATE_SIMILARITY
Brutalism architecture,ARC_0012,ARC_0013,0.8018,HIGH_SIMILARITY
Brutalism architecture,ARC_0012,ARC_0014,0.8814,VERY_HIGH_SIMILARITY
Brutalism architecture,ARC_0012,ARC_0015,0.7417,MODERATE_SIMILARITY
Brutalism architecture,ARC_0012,ARC_0016,0.7686,HIGH_SIMILARITY
Brutalism architecture,ARC_0012,ARC_0017,0.7386,MODERATE_SIMILARITY
Brutalism architecture,ARC_0012,ARC_0018,0.7812,HIGH_SIMILARITY
Brutalism architecture,ARC_0012,ARC_0020,0.7687,HIGH_SIMILARITY
Brutalism architecture,ARC_0012,ARC_0021,0.7533,HIGH_SIMILARITY
Brutalism architecture,ARC_0012,ARC_0024,0.8007,HIGH_SIMILARITY
Brutalism architecture,ARC_0012,ARC_0025,0.7562,HIGH_SIMILARITY
Brutalism architecture,ARC_0012,ARC_0026,0.7433,MODERATE_SIMILARITY
Brutalism architecture,ARC_0012,ARC_0027,0.7134,MODERATE_SIMILARITY
Brutalism architecture,ARC_0012,ARC_0028,0.7592,HIGH_SIMILARITY
Brutalism architecture,ARC_0013,ARC_0014,0.8066,HIGH_SIMILARITY
Brutalism architecture,ARC_0013,ARC_0015,0.7431,MODERATE_SIMILARITY
Brutalism architecture,ARC_0013,ARC_0016,0.7399,MODERATE_SIMILARITY
Brutalism architecture,ARC_0013,ARC_0017,0.7346,MODERATE_SIMILARITY
Brutalism architecture,ARC_0013,ARC_0018,0.7412,MODERATE_SIMILARITY
Brutalism architecture,ARC_0013,ARC_0020,0.7722,HIGH_SIMILARITY
Brutalism architecture,ARC_0013,ARC_0021,0.7802,HIGH_SIMILARITY
Brutalism architecture,ARC_0013,ARC_0024,0.7409,MODERATE_SIMILARITY
Brutalism architecture,ARC_0013,ARC_0025,0.7669,HIGH_SIMILARITY
Brutalism architecture,ARC_0013,ARC_0026,0.7227,MODERATE_SIMILARITY
Brutalism architecture,ARC_0013,ARC_0028,0.7632,HIGH_SIMILARITY
Brutalism architecture,ARC_0014,ARC_0015,0.7861,HIGH_SIMILARITY
Brutalism architecture,ARC_0014,ARC_0016,0.7609,HIGH_SIMILARITY
Brutalism architecture,ARC_0014,ARC_0017,0.713,MODERATE_SIMILARITY
Brutalism architecture,ARC_0014,ARC_0018,0.7539,HIGH_SIMILARITY
Brutalism architecture,ARC_0014,ARC_0020,0.8297,HIGH_SIMILARITY
Brutalism architecture,ARC_0014,ARC_0021,0.8156,HIGH_SIMILARITY
Brutalism architecture,ARC_0014,ARC_0023,0.7569,HIGH_SIMILARITY
Brutalism architecture,ARC_0014,ARC_0024,0.7854,HIGH_SIMILARITY
Brutalism architecture,ARC_0014,ARC_0025,0.7809,HIGH_SIMILARITY
Brutalism architecture,ARC_0014,ARC_0026,0.8075,HIGH_SIMILARITY
Brutalism architecture,ARC_0014,ARC_0027,0.7451,MODERATE_SIMILARITY
Brutalism architecture,ARC_0014,ARC_0028,0.8021,HIGH_SIMILARITY
Brutalism architecture,ARC_0015,ARC_0017,0.7002,MODERATE_SIMILARITY
Brutalism architecture,ARC_0015,ARC_0019,0.7797,HIGH_SIMILARITY
Brutalism architecture,ARC_0015,ARC_0020,0.8077,HIGH_SIMILARITY
Brutalism architecture,ARC_0015,ARC_0021,0.735,MODERATE_SIMILARITY
Brutalism architecture,ARC_0015,ARC_0024,0.7985,HIGH_SIMILARITY
Brutalism architecture,ARC_0015,ARC_0025,0.7708,HIGH_SIMILARITY
Brutalism architecture,ARC_0015,ARC_0026,0.7784,HIGH_SIMILARITY
Brutalism architecture,ARC_0015,ARC_0027,0.7493,MODERATE_SIMILARITY
Brutalism architecture,ARC_0015,ARC_0028,0.7642,HIGH_SIMILARITY
Brutalism architecture,ARC_0016,ARC_0017,0.759,HIGH_SIMILARITY
Brutalism architecture,ARC_0016,ARC_0018,0.8067,HIGH_SIMILARITY
Brutalism architecture,ARC_0016,ARC_0020,0.7598,HIGH_SIMILARITY
Brutalism architecture,ARC_0016,ARC_0021,0.7698,HIGH_SIMILARITY
Brutalism architecture,ARC_0016,ARC_0023,0.7284,MODERATE_SIMILARITY
Brutalism architecture,ARC_0016,ARC_0024,0.7069,MODERATE_SIMILARITY
Brutalism architecture,ARC_0016,ARC_0026,0.7639,HIGH_SIMILARITY
Brutalism architecture,ARC_0016,ARC_0027,0.7044,MODERATE_SIMILARITY
Brutalism architecture,ARC_0016,ARC_0028,0.7391,MODERATE_SIMILARITY
Brutalism architecture,ARC_0017,ARC_0018,0.8569,VERY_HIGH_SIMILARITY
Brutalism architecture,ARC_0017,ARC_0020,0.7356,MODERATE_SIMILARITY
Brutalism architecture,ARC_0017,ARC_0026,0.7391,MODERATE_SIMILARITY
Brutalism architecture,ARC_0018,ARC_0020,0.7602,HIGH_SIMILARITY
Brutalism architecture,ARC_0018,ARC_0021,0.7369,MODERATE_SIMILARITY
Brutalism architecture,ARC_0018,ARC_0023,0.7204,MODERATE_SIMILARITY
Brutalism architecture,ARC_0018,ARC_0024,0.7334,MODERATE_SIMILARITY
Brutalism architecture,ARC_0018,ARC_0026,0.7778,HIGH_SIMILARITY
Brutalism architecture,ARC_0020,ARC_0021,0.8544,VERY_HIGH_SIMILARITY
Brutalism architecture,ARC_0020,ARC_0022,0.7533,HIGH_SIMILARITY
Brutalism architecture,ARC_0020,ARC_0023,0.7805,HIGH_SIMILARITY
Brutalism architecture,ARC_0020,ARC_0024,0.8312,HIGH_SIMILARITY
Brutalism architecture,ARC_0020,ARC_0025,0.7888,HIGH_SIMILARITY
Brutalism architecture,ARC_0020,ARC_0026,0.8796,VERY_HIGH_SIMILARITY
Brutalism architecture,ARC_0020,ARC_0027,0.7156,MODERATE_SIMILARITY
Brutalism architecture,ARC_0020,ARC_0028,0.8819,VERY_HIGH_SIMILARITY
Brutalism architecture,ARC_0021,ARC_0022,0.7033,MODERATE_SIMILARITY
Brutalism architecture,ARC_0021,ARC_0023,0.7634,HIGH_SIMILARITY
Brutalism architecture,ARC_0021,ARC_0024,0.7464,MODERATE_SIMILARITY
Brutalism architecture,ARC_0021,ARC_0025,0.738,MODERATE_SIMILARITY
Brutalism architecture,ARC_0021,ARC_0026,0.8103,HIGH_SIMILARITY
Brutalism architecture,ARC_0021,ARC_0027,0.7425,MODERATE_SIMILARITY
Brutalism architecture,ARC_0021,ARC_0028,0.801,HIGH_SIMILARITY
Brutalism architecture,ARC_0022,ARC_0025,0.7539,HIGH_SIMILARITY
Brutalism architecture,ARC_0022,ARC_0028,0.7232,MODERATE_SIMILARITY
Brutalism architecture,ARC_0023,ARC_0026,0.7504,HIGH_SIMILARITY
Brutalism architecture,ARC_0023,ARC_0028,0.7134,MODERATE_SIMILARITY
Brutalism architecture,ARC_0024,ARC_0025,0.7888,HIGH_SIMILARITY
Brutalism architecture,ARC_0024,ARC_0026,0.7977,HIGH_SIMILARITY
Brutalism architecture,ARC_0024,ARC_0028,0.8024,HIGH_SIMILARITY
Brutalism architecture,ARC_0025,ARC_0026,0.7323,MODERATE_SIMILARITY
Brutalism architecture,ARC_0025,ARC_0028,0.8295,HIGH_SIMILARITY
Brutalism architecture,ARC_0026,ARC_0027,0.7477,MODERATE_SIMILARITY
Brutalism architecture,ARC_0026,ARC_0028,0.7848,HIGH_SIMILARITY
Bauhaus architecture,ARC_0029,ARC_0030,0.7399,MODERATE_SIMILARITY
Bauhaus architecture,ARC_0029,ARC_0032,0.7044,MODERATE_SIMILARITY
Bauhaus architecture,ARC_0029,ARC_0033,0.7633,HIGH_SIMILARITY
Bauhaus architecture,ARC_0029,ARC_0035,0.754,HIGH_SIMILARITY
Bauhaus architecture,ARC_0029,ARC_0037,0.7305,MODERATE_SIMILARITY
Bauhaus architecture,ARC_0029,ARC_0039,0.7459,MODERATE_SIMILARITY
Bauhaus architecture,ARC_0029,ARC_0040,0.7262,MODERATE_SIMILARITY
Bauhaus architecture,ARC_0029,ARC_0041,0.7564,HIGH_SIMILARITY
Bauhaus architecture,ARC_0029,ARC_0043,0.7297,MODERATE_SIMILARITY
Bauhaus architecture,ARC_0029,ARC_0046,0.7569,HIGH_SIMILARITY
Bauhaus architecture,ARC_0029,ARC_0047,0.7521,HIGH_SIMILARITY
Bauhaus architecture,ARC_0029,ARC_0048,0.7486,MODERATE_SIMILARITY
Bauhaus architecture,ARC_0029,ARC_0051,0.7361,MODERATE_SIMILARITY
Bauhaus architecture,ARC_0029,ARC_0052,0.741,MODERATE_SIMILARITY
Bauhaus architecture,ARC_0029,ARC_0055,0.756,HIGH_SIMILARITY
Bauhaus architecture,ARC_0030,ARC_0031,0.7334,MODERATE_SIMILARITY
Bauhaus architecture,ARC_0030,ARC_0032,0.7069,MODERATE_SIMILARITY
Bauhaus architecture,ARC_0030,ARC_0033,0.8749,VERY_HIGH_SIMILARITY
Bauhaus architecture,ARC_0030,ARC_0034,0.746,MODERATE_SIMILARITY
Bauhaus architecture,ARC_0030,ARC_0035,0.7315,MODERATE_SIMILARITY
Bauhaus architecture,ARC_0030,ARC_0037,0.7721,HIGH_SIMILARITY
Bauhaus architecture,ARC_0030,ARC_0038,0.8662,VERY_HIGH_SIMILARITY
Bauhaus architecture,ARC_0030,ARC_0039,0.8617,VERY_HIGH_SIMILARITY
Bauhaus architecture,ARC_0030,ARC_0040,0.86,VERY_HIGH_SIMILARITY
Bauhaus architecture,ARC_0030,ARC_0041,0.9212,VERY_HIGH_SIMILARITY
Bauhaus architecture,ARC_0030,ARC_0043,0.9166,VERY_HIGH_SIMILARITY
Bauhaus architecture,ARC_0030,ARC_0046,0.7961,HIGH_SIMILARITY
Bauhaus architecture,ARC_0030,ARC_0047,0.8993,VERY_HIGH_SIMILARITY
Bauhaus architecture,ARC_0030,ARC_0048,0.8645,VERY_HIGH_SIMILARITY
Bauhaus architecture,ARC_0030,ARC_0050,0.8099,HIGH_SIMILARITY
Bauhaus architecture,ARC_0030,ARC_0051,0.8353,HIGH_SIMILARITY
Bauhaus architecture,ARC_0030,ARC_0052,0.8534,VERY_HIGH_SIMILARITY
Bauhaus architecture,ARC_0030,ARC_0054,0.7294,MODERATE_SIMILARITY
Bauhaus architecture,ARC_0030,ARC_0055,0.8957,VERY_HIGH_SIMILARITY
Bauhaus architecture,ARC_0030,ARC_0056,0.7412,MODERATE_SIMILARITY
Bauhaus architecture,ARC_0031,ARC_0039,0.7364,MODERATE_SIMILARITY
Bauhaus architecture,ARC_0031,ARC_0043,0.7029,MODERATE_SIMILARITY
Bauhaus architecture,ARC_0031,ARC_0050,0.791,HIGH_SIMILARITY
Bauhaus architecture,ARC_0031,ARC_0055,0.708,MODERATE_SIMILARITY
Bauhaus architecture,ARC_0032,ARC_0033,0.7216,MODERATE_SIMILARITY
Bauhaus architecture,ARC_0032,ARC_0034,0.7094,MODERATE_SIMILARITY
Bauhaus architecture,ARC_0032,ARC_0036,0.7514,HIGH_SIMILARITY
Bauhaus architecture,ARC_0032,ARC_0037,0.7867,HIGH_SIMILARITY
Bauhaus architecture,ARC_0032,ARC_0039,0.7094,MODERATE_SIMILARITY
Bauhaus architecture,ARC_0032,ARC_0041,0.7185,MODERATE_SIMILARITY
Bauhaus architecture,ARC_0032,ARC_0042,0.7293,MODERATE_SIMILARITY
Bauhaus architecture,ARC_0032,ARC_0047,0.7493,MODERATE_SIMILARITY
Bauhaus architecture,ARC_0032,ARC_0049,0.9397,VERY_HIGH_SIMILARITY
Bauhaus architecture,ARC_0032,ARC_0050,0.7519,HIGH_SIMILARITY
Bauhaus architecture,ARC_0032,ARC_0051,0.7552,HIGH_SIMILARITY
Bauhaus architecture,ARC_0032,ARC_0052,0.744,MODERATE_SIMILARITY
Bauhaus architecture,ARC_0032,ARC_0053,0.7339,MODERATE_SIMILARITY
Bauhaus architecture,ARC_0032,ARC_0054,0.7229,MODERATE_SIMILARITY
Bauhaus architecture,ARC_0032,ARC_0055,0.7477,MODERATE_SIMILARITY
Bauhaus architecture,ARC_0033,ARC_0034,0.7374,MODERATE_SIMILARITY
Bauhaus architecture,ARC_0033,ARC_0035,0.8376,HIGH_SIMILARITY
Bauhaus architecture,ARC_0033,ARC_0036,0.7167,MODERATE_SIMILARITY
Bauhaus architecture,ARC_0033,ARC_0037,0.7755,HIGH_SIMILARITY
Bauhaus architecture,ARC_0033,ARC_0038,0.8383,HIGH_SIMILARITY
Bauhaus architecture,ARC_0033,ARC_0039,0.8502,VERY_HIGH_SIMILARITY
Bauhaus architecture,ARC_0033,ARC_0040,0.8292,HIGH_SIMILARITY
Bauhaus architecture,ARC_0033,ARC_0041,0.9061,VERY_HIGH_SIMILARITY
Bauhaus architecture,ARC_0033,ARC_0043,0.868,VERY_HIGH_SIMILARITY
Bauhaus architecture,ARC_0033,ARC_0046,0.7777,HIGH_SIMILARITY
Bauhaus architecture,ARC_0033,ARC_0047,0.8939,VERY_HIGH_SIMILARITY
Bauhaus architecture,ARC_0033,ARC_0048,0.9039,VERY_HIGH_SIMILARITY
Bauhaus architecture,ARC_0033,ARC_0049,0.7176,MODERATE_SIMILARITY
Bauhaus architecture,ARC_0033,ARC_0050,0.7729,HIGH_SIMILARITY
Bauhaus architecture,ARC_0033,ARC_0051,0.7992,HIGH_SIMILARITY
Bauhaus architecture,ARC_0033,ARC_0052,0.8617,VERY_HIGH_SIMILARITY
Bauhaus architecture,ARC_0033,ARC_0053,0.7071,MODERATE_SIMILARITY
Bauhaus architecture,ARC_0033,ARC_0054,0.791,HIGH_SIMILARITY
Bauhaus architecture,ARC_0033,ARC_0055,0.9109,VERY_HIGH_SIMILARITY
Bauhaus architecture,ARC_0033,ARC_0056,0.7625,HIGH_SIMILARITY
Bauhaus architecture,ARC_0034,ARC_0035,0.7161,MODERATE_SIMILARITY
Bauhaus architecture,ARC_0034,ARC_0037,0.7251,MODERATE_SIMILARITY
Bauhaus architecture,ARC_0034,ARC_0038,0.7099,MODERATE_SIMILARITY
Bauhaus architecture,ARC_0034,ARC_0039,0.7374,MODERATE_SIMILARITY
Bauhaus architecture,ARC_0034,ARC_0040,0.7608,HIGH_SIMILARITY
Bauhaus architecture,ARC_0034,ARC_0041,0.7568,HIGH_SIMILARITY
Bauhaus architecture,ARC_0034,ARC_0043,0.7407,MODERATE_SIMILARITY
Bauhaus architecture,ARC_0034,ARC_0047,0.7558,HIGH_SIMILARITY
Bauhaus architecture,ARC_0034,ARC_0048,0.7488,MODERATE_SIMILARITY
Bauhaus architecture,ARC_0034,ARC_0049,0.7005,MODERATE_SIMILARITY
Bauhaus architecture,ARC_0034,ARC_0051,0.7592,HIGH_SIMILARITY
Bauhaus architecture,ARC_0034,ARC_0052,0.7503,HIGH_SIMILARITY
Bauhaus architecture,ARC_0034,ARC_0053,0.71,MODERATE_SIMILARITY
Bauhaus architecture,ARC_0034,ARC_0054,0.8063,HIGH_SIMILARITY
Bauhaus architecture,ARC_0034,ARC_0055,0.7781,HIGH_SIMILARITY
Bauhaus architecture,ARC_0034,ARC_0056,0.7208,MODERATE_SIMILARITY
Bauhaus architecture,ARC_0035,ARC_0037,0.7724,HIGH_SIMILARITY
Bauhaus architecture,ARC_0035,ARC_0038,0.7423,MODERATE_SIMILARITY
Bauhaus architecture,ARC_0035,ARC_0039,0.7044,MODERATE_SIMILARITY
Bauhaus architecture,ARC_0035,ARC_0040,0.7143,MODERATE_SIMILARITY
Bauhaus architecture,ARC_0035,ARC_0041,0.7845,HIGH_SIMILARITY
Bauhaus architecture,ARC_0035,ARC_0043,0.7793,HIGH_SIMILARITY
Bauhaus architecture,ARC_0035,ARC_0046,0.808,HIGH_SIMILARITY
Bauhaus architecture,ARC_0035,ARC_0047,0.8018,HIGH_SIMILARITY
Bauhaus architecture,ARC_0035,ARC_0048,0.8502,VERY_HIGH_SIMILARITY
Bauhaus architecture,ARC_0035,ARC_0051,0.7818,HIGH_SIMILARITY
Bauhaus architecture,ARC_0035,ARC_0052,0.7854,HIGH_SIMILARITY
Bauhaus architecture,ARC_0035,ARC_0054,0.7291,MODERATE_SIMILARITY
Bauhaus architecture,ARC_0035,ARC_0055,0.8077,HIGH_SIMILARITY
Bauhaus architecture,ARC_0035,ARC_0056,0.7737,HIGH_SIMILARITY
Bauhaus architecture,ARC_0036,ARC_0037,0.7397,MODERATE_SIMILARITY
Bauhaus architecture,ARC_0036,ARC_0046,0.708,MODERATE_SIMILARITY
Bauhaus architecture,ARC_0036,ARC_0049,0.7502,HIGH_SIMILARITY
Bauhaus architecture,ARC_0036,ARC_0054,0.7509,HIGH_SIMILARITY
Bauhaus architecture,ARC_0036,ARC_0055,0.7071,MODERATE_SIMILARITY
Bauhaus architecture,ARC_0037,ARC_0038,0.7279,MODERATE_SIMILARITY
Bauhaus architecture,ARC_0037,ARC_0039,0.7173,MODERATE_SIMILARITY
Bauhaus architecture,ARC_0037,ARC_0040,0.7574,HIGH_SIMILARITY
Bauhaus architecture,ARC_0037,ARC_0041,0.78,HIGH_SIMILARITY
Bauhaus architecture,ARC_0037,ARC_0043,0.7993,HIGH_SIMILARITY
Bauhaus architecture,ARC_0037,ARC_0046,0.7658,HIGH_SIMILARITY
Bauhaus architecture,ARC_0037,ARC_0047,0.8133,HIGH_SIMILARITY
Bauhaus architecture,ARC_0037,ARC_0048,0.7969,HIGH_SIMILARITY
Bauhaus architecture,ARC_0037,ARC_0049,0.7467,MODERATE_SIMILARITY
Bauhaus architecture,ARC_0037,ARC_0050,0.7561,HIGH_SIMILARITY
Bauhaus architecture,ARC_0037,ARC_0051,0.7787,HIGH_SIMILARITY
Bauhaus architecture,ARC_0037,ARC_0052,0.8025,HIGH_SIMILARITY
Bauhaus architecture,ARC_0037,ARC_0054,0.7636,HIGH_SIMILARITY
Bauhaus architecture,ARC_0037,ARC_0055,0.7946,HIGH_SIMILARITY
Bauhaus architecture,ARC_0037,ARC_0056,0.7758,HIGH_SIMILARITY
Bauhaus architecture,ARC_0038,ARC_0039,0.7628,HIGH_SIMILARITY
Bauhaus architecture,ARC_0038,ARC_0040,0.7877,HIGH_SIMILARITY
Bauhaus architecture,ARC_0038,ARC_0041,0.8477,HIGH_SIMILARITY
Bauhaus architecture,ARC_0038,ARC_0043,0.8395,HIGH_SIMILARITY
Bauhaus architecture,ARC_0038,ARC_0046,0.7498,MODERATE_SIMILARITY
Bauhaus architecture,ARC_0038,ARC_0047,0.8619,VERY_HIGH_SIMILARITY
Bauhaus architecture,ARC_0038,ARC_0048,0.8399,HIGH_SIMILARITY
Bauhaus architecture,ARC_0038,ARC_0050,0.7204,MODERATE_SIMILARITY
Bauhaus architecture,ARC_0038,ARC_0051,0.7786,HIGH_SIMILARITY
Bauhaus architecture,ARC_0038,ARC_0052,0.767,HIGH_SIMILARITY
Bauhaus architecture,ARC_0038,ARC_0054,0.7128,MODERATE_SIMILARITY
Bauhaus architecture,ARC_0038,ARC_0055,0.8267,HIGH_SIMILARITY
Bauhaus architecture,ARC_0038,ARC_0056,0.7464,MODERATE_SIMILARITY
Bauhaus architecture,ARC_0039,ARC_0040,0.8488,HIGH_SIMILARITY
Bauhaus architecture,ARC_0039,ARC_0041,0.8684,VERY_HIGH_SIMILARITY
Bauhaus architecture,ARC_0039,ARC_0043,0.8098,HIGH_SIMILARITY
Bauhaus architecture,ARC_0039,ARC_0046,0.7413,MODERATE_SIMILARITY
Bauhaus architecture,ARC_0039,ARC_0047,0.853,VERY_HIGH_SIMILARITY
Bauhaus architecture,ARC_0039,ARC_0048,0.808,HIGH_SIMILARITY
Bauhaus architecture,ARC_0039,ARC_0050,0.7677,HIGH_SIMILARITY
Bauhaus architecture,ARC_0039,ARC_0051,0.7521,HIGH_SIMILARITY
Bauhaus architecture,ARC_0039,ARC_0052,0.8095,HIGH_SIMILARITY
Bauhaus architecture,ARC_0039,ARC_0054,0.7445,MODERATE_SIMILARITY
Bauhaus architecture,ARC_0039,ARC_0055,0.8653,VERY_HIGH_SIMILARITY
Bauhaus architecture,ARC_0040,ARC_0041,0.8454,HIGH_SIMILARITY
Bauhaus architecture,ARC_0040,ARC_0043,0.8658,VERY_HIGH_SIMILARITY
Bauhaus architecture,ARC_0040,ARC_0046,0.7164,MODERATE_SIMILARITY
Bauhaus architecture,ARC_0040,ARC_0047,0.8576,VERY_HIGH_SIMILARITY
Bauhaus architecture,ARC_0040,ARC_0048,0.8248,HIGH_SIMILARITY
Bauhaus architecture,ARC_0040,ARC_0050,0.7124,MODERATE_SIMILARITY
Bauhaus architecture,ARC_0040,ARC_0051,0.736,MODERATE_SIMILARITY
Bauhaus architecture,ARC_0040,ARC_0052,0.8034,HIGH_SIMILARITY
Bauhaus architecture,ARC_0040,ARC_0054,0.808,HIGH_SIMILARITY
Bauhaus architecture,ARC_0040,ARC_0055,0.8534,VERY_HIGH_SIMILARITY
Bauhaus architecture,ARC_0040,ARC_0056,0.7415,MODERATE_SIMILARITY
Bauhaus architecture,ARC_0041,ARC_0043,0.8939,VERY_HIGH_SIMILARITY
Bauhaus architecture,ARC_0041,ARC_0046,0.8177,HIGH_SIMILARITY
Bauhaus architecture,ARC_0041,ARC_0047,0.9234,VERY_HIGH_SIMILARITY
Bauhaus architecture,ARC_0041,ARC_0048,0.886,VERY_HIGH_SIMILARITY
Bauhaus architecture,ARC_0041,ARC_0049,0.7037,MODERATE_SIMILARITY
Bauhaus architecture,ARC_0041,ARC_0050,0.776,HIGH_SIMILARITY
Bauhaus architecture,ARC_0041,ARC_0051,0.8148,HIGH_SIMILARITY
Bauhaus architecture,ARC_0041,ARC_0052,0.879,VERY_HIGH_SIMILARITY
Bauhaus architecture,ARC_0041,ARC_0054,0.7753,HIGH_SIMILARITY
Bauhaus architecture,ARC_0041,ARC_0055,0.909,VERY_HIGH_SIMILARITY
Bauhaus architecture,ARC_0041,ARC_0056,0.7601,HIGH_SIMILARITY
Bauhaus architecture,ARC_0042,ARC_0044,0.7036,MODERATE_SIMILARITY
Bauhaus architecture,ARC_0042,ARC_0049,0.7214,MODERATE_SIMILARITY
Bauhaus architecture,ARC_0042,ARC_0050,0.7246,MODERATE_SIMILARITY
Bauhaus architecture,ARC_0042,ARC_0053,0.7122,MODERATE_SIMILARITY
Bauhaus architecture,ARC_0042,ARC_0055,0.7051,MODERATE_SIMILARITY
Bauhaus architecture,ARC_0043,ARC_0046,0.8102,HIGH_SIMILARITY
Bauhaus architecture,ARC_0043,ARC_0047,0.888,VERY_HIGH_SIMILARITY
Bauhaus architecture,ARC_0043,ARC_0048,0.8908,VERY_HIGH_SIMILARITY
Bauhaus architecture,ARC_0043,ARC_0050,0.7828,HIGH_SIMILARITY
Bauhaus architecture,ARC_0043,ARC_0051,0.7894,HIGH_SIMILARITY
Bauhaus architecture,ARC_0043,ARC_0052,0.8528,VERY_HIGH_SIMILARITY
Bauhaus architecture,ARC_0043,ARC_0054,0.7754,HIGH_SIMILARITY
Bauhaus architecture,ARC_0043,ARC_0055,0.8787,VERY_HIGH_SIMILARITY
Bauhaus architecture,ARC_0043,ARC_0056,0.7781,HIGH_SIMILARITY
Bauhaus architecture,ARC_0044,ARC_0053,0.8474,HIGH_SIMILARITY
Bauhaus architecture,ARC_0046,ARC_0047,0.7907,HIGH_SIMILARITY
Bauhaus architecture,ARC_0046,ARC_0048,0.801,HIGH_SIMILARITY
Bauhaus architecture,ARC_0046,ARC_0050,0.7263,MODERATE_SIMILARITY
Bauhaus architecture,ARC_0046,ARC_0051,0.7602,HIGH_SIMILARITY
Bauhaus architecture,ARC_0046,ARC_0052,0.769,HIGH_SIMILARITY
Bauhaus architecture,ARC_0046,ARC_0055,0.789,HIGH_SIMILARITY
Bauhaus architecture,ARC_0046,ARC_0056,0.7156,MODERATE_SIMILARITY
Bauhaus architecture,ARC_0047,ARC_0048,0.8877,VERY_HIGH_SIMILARITY
Bauhaus architecture,ARC_0047,ARC_0049,0.7282,MODERATE_SIMILARITY
Bauhaus architecture,ARC_0047,ARC_0050,0.7614,HIGH_SIMILARITY
Bauhaus architecture,ARC_0047,ARC_0051,0.8028,HIGH_SIMILARITY
Bauhaus architecture,ARC_0047,ARC_0052,0.8781,VERY_HIGH_SIMILARITY
Bauhaus architecture,ARC_0047,ARC_0053,0.7138,MODERATE_SIMILARITY
Bauhaus architecture,ARC_0047,ARC_0054,0.794,HIGH_SIMILARITY
Bauhaus architecture,ARC_0047,ARC_0055,0.9303,VERY_HIGH_SIMILARITY
Bauhaus architecture,ARC_0047,ARC_0056,0.7425,MODERATE_SIMILARITY
Bauhaus architecture,ARC_0048,ARC_0050,0.7605,HIGH_SIMILARITY
Bauhaus architecture,ARC_0048,ARC_0051,0.8009,HIGH_SIMILARITY
Bauhaus architecture,ARC_0048,ARC_0052,0.8406,HIGH_SIMILARITY
Bauhaus architecture,ARC_0048,ARC_0054,0.7763,HIGH_SIMILARITY
Bauhaus architecture,ARC_0048,ARC_0055,0.9094,VERY_HIGH_SIMILARITY
Bauhaus architecture,ARC_0048,ARC_0056,0.7905,HIGH_SIMILARITY
Bauhaus architecture,ARC_0049,ARC_0050,0.7201,MODERATE_SIMILARITY
Bauhaus architecture,ARC_0049,ARC_0051,0.7314,MODERATE_SIMILARITY
Bauhaus architecture,ARC_0049,ARC_0052,0.7082,MODERATE_SIMILARITY
Bauhaus architecture,ARC_0049,ARC_0053,0.7015,MODERATE_SIMILARITY
Bauhaus architecture,ARC_0049,ARC_0054,0.7429,MODERATE_SIMILARITY
Bauhaus architecture,ARC_0049,ARC_0055,0.7315,MODERATE_SIMILARITY
Bauhaus architecture,ARC_0050,ARC_0051,0.783,HIGH_SIMILARITY
Bauhaus architecture,ARC_0050,ARC_0052,0.727,MODERATE_SIMILARITY
Bauhaus architecture,ARC_0050,ARC_0055,0.7905,HIGH_SIMILARITY
Bauhaus architecture,ARC_0051,ARC_0052,0.8055,HIGH_SIMILARITY
Bauhaus architecture,ARC_0051,ARC_0055,0.8164,HIGH_SIMILARITY
Bauhaus architecture,ARC_0051,ARC_0056,0.7739,HIGH_SIMILARITY
Bauhaus architecture,ARC_0052,ARC_0053,0.7179,MODERATE_SIMILARITY
Bauhaus architecture,ARC_0052,ARC_0054,0.7712,HIGH_SIMILARITY
Bauhaus architecture,ARC_0052,ARC_0055,0.909,VERY_HIGH_SIMILARITY
Bauhaus architecture,ARC_0052,ARC_0056,0.7076,MODERATE_SIMILARITY
Bauhaus architecture,ARC_0053,ARC_0054,0.7091,MODERATE_SIMILARITY
Bauhaus architecture,ARC_0053,ARC_0055,0.7468,MODERATE_SIMILARITY
Bauhaus architecture,ARC_0054,ARC_0055,0.8066,HIGH_SIMILARITY
Bauhaus architecture,ARC_0054,ARC_0056,0.7244,MODERATE_SIMILARITY
Bauhaus architecture,ARC_0055,ARC_0056,0.7627,HIGH_SIMILARITY
International style,ARC_0057,ARC_0061,0.7257,MODERATE_SIMILARITY
International style,ARC_0057,ARC_0063,0.7235,MODERATE_SIMILARITY
International style,ARC_0057,ARC_0064,0.7567,HIGH_SIMILARITY
International style,ARC_0057,ARC_0065,0.7506,HIGH_SIMILARITY
International style,ARC_0057,ARC_0066,0.7653,HIGH_SIMILARITY
International style,ARC_0057,ARC_0067,0.732,MODERATE_SIMILARITY
International style,ARC_0057,ARC_0070,0.7348,MODERATE_SIMILARITY
International style,ARC_0057,ARC_0071,0.7285,MODERATE_SIMILARITY
International style,ARC_0057,ARC_0072,0.7047,MODERATE_SIMILARITY
International style,ARC_0057,ARC_0073,0.7331,MODERATE_SIMILARITY
International style,ARC_0057,ARC_0075,0.7146,MODERATE_SIMILARITY
International style,ARC_0057,ARC_0076,0.742,MODERATE_SIMILARITY
International style,ARC_0057,ARC_0078,0.7428,MODERATE_SIMILARITY
International style,ARC_0057,ARC_0080,0.7121,MODERATE_SIMILARITY
International style,ARC_0057,ARC_0082,0.721,MODERATE_SIMILARITY
International style,ARC_0057,ARC_0083,0.7785,HIGH_SIMILARITY
International style,ARC_0057,ARC_0084,0.7354,MODERATE_SIMILARITY
International style,ARC_0058,ARC_0064,0.7052,MODERATE_SIMILARITY
International style,ARC_0058,ARC_0072,0.7486,MODERATE_SIMILARITY
International style,ARC_0058,ARC_0078,0.7279,MODERATE_SIMILARITY
International style,ARC_0058,ARC_0084,0.7151,MODERATE_SIMILARITY
International style,ARC_0059,ARC_0067,0.7234,MODERATE_SIMILARITY
International style,ARC_0059,ARC_0072,0.7292,MODERATE_SIMILARITY
International style,ARC_0059,ARC_0078,0.7408,MODERATE_SIMILARITY
International style,ARC_0059,ARC_0080,0.7106,MODERATE_SIMILARITY
International style,ARC_0060,ARC_0061,0.7577,HIGH_SIMILARITY
International style,ARC_0060,ARC_0063,0.7389,MODERATE_SIMILARITY
International style,ARC_0060,ARC_0067,0.7255,MODERATE_SIMILARITY
International style,ARC_0060,ARC_0070,0.7668,HIGH_SIMILARITY
International style,ARC_0060,ARC_0073,0.7258,MODERATE_SIMILARITY
International style,ARC_0060,ARC_0074,0.7682,HIGH_SIMILARITY
International style,ARC_0060,ARC_0075,0.8299,HIGH_SIMILARITY
International style,ARC_0060,ARC_0076,0.7661,HIGH_SIMILARITY
International style,ARC_0060,ARC_0077,0.8044,HIGH_SIMILARITY
International style,ARC_0060,ARC_0080,0.8361,HIGH_SIMILARITY
International style,ARC_0060,ARC_0082,0.7249,MODERATE_SIMILARITY
International style,ARC_0060,ARC_0083,0.7812,HIGH_SIMILARITY
International style,ARC_0060,ARC_0084,0.7195,MODERATE_SIMILARITY
International style,ARC_0061,ARC_0063,0.7459,MODERATE_SIMILARITY
International style,ARC_0061,ARC_0065,0.7093,MODERATE_SIMILARITY
International style,ARC_0061,ARC_0066,0.7243,MODERATE_SIMILARITY
International style,ARC_0061,ARC_0067,0.7043,MODERATE_SIMILARITY
International style,ARC_0061,ARC_0073,0.784,HIGH_SIMILARITY
International style,ARC_0061,ARC_0075,0.7803,HIGH_SIMILARITY
International style,ARC_0061,ARC_0076,0.7755,HIGH_SIMILARITY
International style,ARC_0061,ARC_0077,0.7449,MODERATE_SIMILARITY
International style,ARC_0061,ARC_0080,0.7285,MODERATE_SIMILARITY
International style,ARC_0061,ARC_0082,0.7446,MODERATE_SIMILARITY
International style,ARC_0061,ARC_0083,0.8105,HIGH_SIMILARITY
International style,ARC_0061,ARC_0084,0.7187,MODERATE_SIMILARITY
International style,ARC_0063,ARC_0065,0.7312,MODERATE_SIMILARITY
International style,ARC_0063,ARC_0067,0.7319,MODERATE_SIMILARITY
International style,ARC_0063,ARC_0072,0.7289,MODERATE_SIMILARITY
International style,ARC_0063,ARC_0073,0.7113,MODERATE_SIMILARITY
International style,ARC_0063,ARC_0078,0.7495,MODERATE_SIMILARITY
International style,ARC_0063,ARC_0080,0.7347,MODERATE_SIMILARITY
International style,ARC_0063,ARC_0082,0.7256,MODERATE_SIMILARITY
International style,ARC_0063,ARC_0083,0.7129,MODERATE_SIMILARITY
International style,ARC_0063,ARC_0084,0.7082,MODERATE_SIMILARITY
International style,ARC_0064,ARC_0065,0.7456,MODERATE_SIMILARITY
International style,ARC_0064,ARC_0066,0.7284,MODERATE_SIMILARITY
International style,ARC_0064,ARC_0067,0.7143,MODERATE_SIMILARITY
International style,ARC_0064,ARC_0068,0.7482,MODERATE_SIMILARITY
International style,ARC_0064,ARC_0072,0.7556,HIGH_SIMILARITY
International style,ARC_0064,ARC_0073,0.7176,MODERATE_SIMILARITY
International style,ARC_0064,ARC_0078,0.7681,HIGH_SIMILARITY
International style,ARC_0065,ARC_0066,0.7995,HIGH_SIMILARITY
International style,ARC_0065,ARC_0068,0.7209,MODERATE_SIMILARITY
International style,ARC_0065,ARC_0072,0.7269,MODERATE_SIMILARITY
International style,ARC_0065,ARC_0073,0.7321,MODERATE_SIMILARITY
International style,ARC_0065,ARC_0078,0.7274,MODERATE_SIMILARITY
International style,ARC_0065,ARC_0082,0.7045,MODERATE_SIMILARITY
International style,ARC_0065,ARC_0083,0.751,HIGH_SIMILARITY
International style,ARC_0065,ARC_0084,0.7165,MODERATE_SIMILARITY
International style,ARC_0066,ARC_0067,0.7045,MODERATE_SIMILARITY
International style,ARC_0066,ARC_0068,0.7276,MODERATE_SIMILARITY
International style,ARC_0066,ARC_0072,0.7191,MODERATE_SIMILARITY
International style,ARC_0066,ARC_0078,0.723,MODERATE_SIMILARITY
International style,ARC_0066,ARC_0083,0.7666,HIGH_SIMILARITY
International style,ARC_0067,ARC_0070,0.7138,MODERATE_SIMILARITY
International style,ARC_0067,ARC_0073,0.7078,MODERATE_SIMILARITY
International style,ARC_0067,ARC_0075,0.7284,MODERATE_SIMILARITY
International style,ARC_0067,ARC_0076,0.7317,MODERATE_SIMILARITY
International style,ARC_0067,ARC_0082,0.735,MODERATE_SIMILARITY
International style,ARC_0067,ARC_0083,0.7563,HIGH_SIMILARITY
International style,ARC_0068,ARC_0073,0.7136,MODERATE_SIMILARITY
International style,ARC_0070,ARC_0071,0.7802,HIGH_SIMILARITY
International style,ARC_0070,ARC_0073,0.7456,MODERATE_SIMILARITY
International style,ARC_0070,ARC_0074,0.725,MODERATE_SIMILARITY
International style,ARC_0070,ARC_0075,0.7215,MODERATE_SIMILARITY
International style,ARC_0070,ARC_0077,0.7285,MODERATE_SIMILARITY
International style,ARC_0070,ARC_0079,0.7096,MODERATE_SIMILARITY
International style,ARC_0070,ARC_0080,0.7078,MODERATE_SIMILARITY
International style,ARC_0070,ARC_0082,0.7138,MODERATE_SIMILARITY
International style,ARC_0070,ARC_0083,0.7518,HIGH_SIMILARITY
International style,ARC_0071,ARC_0077,0.7615,HIGH_SIMILARITY
International style,ARC_0071,ARC_0079,0.7566,HIGH_SIMILARITY
International style,ARC_0071,ARC_0083,0.7815,HIGH_SIMILARITY
International style,ARC_0072,ARC_0078,0.8619,VERY_HIGH_SIMILARITY
International style,ARC_0072,ARC_0080,0.7301,MODERATE_SIMILARITY
International style,ARC_0072,ARC_0084,0.7892,HIGH_SIMILARITY
International style,ARC_0073,ARC_0075,0.7559,HIGH_SIMILARITY
International style,ARC_0073,ARC_0076,0.743,MODERATE_SIMILARITY
International style,ARC_0073,ARC_0077,0.7345,MODERATE_SIMILARITY
International style,ARC_0073,ARC_0079,0.7006,MODERATE_SIMILARITY
International style,ARC_0073,ARC_0082,0.7719,HIGH_SIMILARITY
International style,ARC_0073,ARC_0083,0.7827,HIGH_SIMILARITY
International style,ARC_0073,ARC_0084,0.7001,MODERATE_SIMILARITY
International style,ARC_0074,ARC_0075,0.7618,HIGH_SIMILARITY
International style,ARC_0074,ARC_0076,0.8236,HIGH_SIMILARITY
International style,ARC_0074,ARC_0077,0.72,MODERATE_SIMILARITY
International style,ARC_0074,ARC_0079,0.7224,MODERATE_SIMILARITY
International style,ARC_0074,ARC_0082,0.7187,MODERATE_SIMILARITY
International style,ARC_0074,ARC_0083,0.7292,MODERATE_SIMILARITY
International style,ARC_0075,ARC_0076,0.7745,HIGH_SIMILARITY
International style,ARC_0075,ARC_0077,0.7761,HIGH_SIMILARITY
International style,ARC_0075,ARC_0080,0.7348,MODERATE_SIMILARITY
International style,ARC_0075,ARC_0083,0.7992,HIGH_SIMILARITY
International style,ARC_0076,ARC_0077,0.7282,MODERATE_SIMILARITY
International style,ARC_0076,ARC_0080,0.7211,MODERATE_SIMILARITY
International style,ARC_0076,ARC_0082,0.7141,MODERATE_SIMILARITY
International style,ARC_0076,ARC_0083,0.7811,HIGH_SIMILARITY
International style,ARC_0076,ARC_0084,0.7247,MODERATE_SIMILARITY
International style,ARC_0077,ARC_0079,0.7132,MODERATE_SIMILARITY
International style,ARC_0077,ARC_0080,0.7446,MODERATE_SIMILARITY
International style,ARC_0077,ARC_0083,0.8029,HIGH_SIMILARITY
International style,ARC_0078,ARC_0080,0.7698,HIGH_SIMILARITY
International style,ARC_0078,ARC_0081,0.7355,MODERATE_SIMILARITY
International style,ARC_0078,ARC_0082,0.7045,MODERATE_SIMILARITY
International style,ARC_0078,ARC_0084,0.7927,HIGH_SIMILARITY
International style,ARC_0079,ARC_0083,0.7678,HIGH_SIMILARITY
International style,ARC_0080,ARC_0083,0.725,MODERATE_SIMILARITY
International style,ARC_0080,ARC_0084,0.7682,HIGH_SIMILARITY
International style,ARC_0082,ARC_0083,0.7322,MODERATE_SIMILARITY
International style,ARC_0083,ARC_0084,0.7273,MODERATE_SIMILARITY
Postmodern architecture,ARC_0085,ARC_0096,0.7196,MODERATE_SIMILARITY
Postmodern architecture,ARC_0085,ARC_0101,0.7122,MODERATE_SIMILARITY
Postmodern architecture,ARC_0085,ARC_0102,0.7136,MODERATE_SIMILARITY
Postmodern architecture,ARC_0085,ARC_0108,0.7255,MODERATE_SIMILARITY
Postmodern architecture,ARC_0085,ARC_0109,0.7322,MODERATE_SIMILARITY
Postmodern architecture,ARC_0086,ARC_0088,0.7,MODERATE_SIMILARITY
Postmodern architecture,ARC_0086,ARC_0089,0.7454,MODERATE_SIMILARITY
Postmodern architecture,ARC_0086,ARC_0092,0.9102,VERY_HIGH_SIMILARITY
Postmodern architecture,ARC_0086,ARC_0093,0.7278,MODERATE_SIMILARITY
Postmodern architecture,ARC_0086,ARC_0094,0.7654,HIGH_SIMILARITY
Postmodern architecture,ARC_0086,ARC_0095,0.7539,HIGH_SIMILARITY
Postmodern architecture,ARC_0086,ARC_0096,0.7183,MODERATE_SIMILARITY
Postmodern architecture,ARC_0086,ARC_0097,0.7223,MODERATE_SIMILARITY
Postmodern architecture,ARC_0086,ARC_0098,0.7098,MODERATE_SIMILARITY
Postmodern architecture,ARC_0086,ARC_0099,0.7554,HIGH_SIMILARITY
Postmodern architecture,ARC_0086,ARC_0100,0.7379,MODERATE_SIMILARITY
Postmodern architecture,ARC_0086,ARC_0102,0.7714,HIGH_SIMILARITY
Postmodern architecture,ARC_0086,ARC_0105,0.7525,HIGH_SIMILARITY
Postmodern architecture,ARC_0086,ARC_0106,0.7123,MODERATE_SIMILARITY
Postmodern architecture,ARC_0086,ARC_0107,0.7355,MODERATE_SIMILARITY
Postmodern architecture,ARC_0086,ARC_0110,0.7104,MODERATE_SIMILARITY
Postmodern architecture,ARC_0086,ARC_0111,0.7026,MODERATE_SIMILARITY
Postmodern architecture,ARC_0086,ARC_0112,0.7669,HIGH_SIMILARITY
Postmodern architecture,ARC_0087,ARC_0088,0.7027,MODERATE_SIMILARITY
Postmodern architecture,ARC_0087,ARC_0089,0.7213,MODERATE_SIMILARITY
Postmodern architecture,ARC_0087,ARC_0092,0.7165,MODERATE_SIMILARITY
Postmodern architecture,ARC_0087,ARC_0093,0.7209,MODERATE_SIMILARITY
Postmodern architecture,ARC_0087,ARC_0099,0.707,MODERATE_SIMILARITY
Postmodern architecture,ARC_0087,ARC_0104,0.8577,VERY_HIGH_SIMILARITY
Postmodern architecture,ARC_0087,ARC_0106,0.7219,MODERATE_SIMILARITY
Postmodern architecture,ARC_0087,ARC_0111,0.7652,HIGH_SIMILARITY
Postmodern architecture,ARC_0088,ARC_0089,0.7565,HIGH_SIMILARITY
Postmodern architecture,ARC_0088,ARC_0092,0.7094,MODERATE_SIMILARITY
Postmodern architecture,ARC_0088,ARC_0096,0.7078,MODERATE_SIMILARITY
Postmodern architecture,ARC_0088,ARC_0100,0.7159,MODERATE_SIMILARITY
Postmodern architecture,ARC_0088,ARC_0102,0.7504,HIGH_SIMILARITY
Postmodern architecture,ARC_0088,ARC_0103,0.742,MODERATE_SIMILARITY
Postmodern architecture,ARC_0088,ARC_0106,0.7046,MODERATE_SIMILARITY
Postmodern architecture,ARC_0088,ARC_0107,0.7675,HIGH_SIMILARITY
Postmodern architecture,ARC_0088,ARC_0108,0.7287,MODERATE_SIMILARITY
Postmodern architecture,ARC_0088,ARC_0110,0.7298,MODERATE_SIMILARITY
Postmodern architecture,ARC_0088,ARC_0111,0.7267,MODERATE_SIMILARITY
Postmodern architecture,ARC_0089,ARC_0092,0.7141,MODERATE_SIMILARITY
Postmodern architecture,ARC_0089,ARC_0094,0.7142,MODERATE_SIMILARITY
Postmodern architecture,ARC_0089,ARC_0095,0.7197,MODERATE_SIMILARITY
Postmodern architecture,ARC_0089,ARC_0097,0.7445,MODERATE_SIMILARITY
Postmodern architecture,ARC_0089,ARC_0100,0.7617,HIGH_SIMILARITY
Postmodern architecture,ARC_0089,ARC_0102,0.8115,HIGH_SIMILARITY
Postmodern architecture,ARC_0089,ARC_0103,0.7195,MODERATE_SIMILARITY
Postmodern architecture,ARC_0089,ARC_0105,0.709,MODERATE_SIMILARITY
Postmodern architecture,ARC_0089,ARC_0106,0.731,MODERATE_SIMILARITY
Postmodern architecture,ARC_0089,ARC_0107,0.7244,MODERATE_SIMILARITY
Postmodern architecture,ARC_0089,ARC_0110,0.7558,HIGH_SIMILARITY
Postmodern architecture,ARC_0089,ARC_0111,0.7305,MODERATE_SIMILARITY
Postmodern architecture,ARC_0089,ARC_0112,0.7158,MODERATE_SIMILARITY
Postmodern architecture,ARC_0090,ARC_0091,0.7352,MODERATE_SIMILARITY
Postmodern architecture,ARC_0090,ARC_0102,0.7114,MODERATE_SIMILARITY
Postmodern architecture,ARC_0090,ARC_0110,0.7256,MODERATE_SIMILARITY
Postmodern architecture,ARC_0091,ARC_0094,0.7005,MODERATE_SIMILARITY
Postmodern architecture,ARC_0091,ARC_0095,0.7074,MODERATE_SIMILARITY
Postmodern architecture,ARC_0091,ARC_0096,0.7747,HIGH_SIMILARITY
Postmodern architecture,ARC_0091,ARC_0097,0.7146,MODERATE_SIMILARITY
Postmodern architecture,ARC_0091,ARC_0098,0.7825,HIGH_SIMILARITY
Postmodern architecture,ARC_0091,ARC_0100,0.7304,MODERATE_SIMILARITY
Postmodern architecture,ARC_0091,ARC_0102,0.7481,MODERATE_SIMILARITY
Postmodern architecture,ARC_0091,ARC_0105,0.7004,MODERATE_SIMILARITY
Postmodern architecture,ARC_0091,ARC_0108,0.744,MODERATE_SIMILARITY
Postmodern architecture,ARC_0091,ARC_0109,0.7312,MODERATE_SIMILARITY
Postmodern architecture,ARC_0091,ARC_0110,0.7623,HIGH_SIMILARITY
Postmodern architecture,ARC_0092,ARC_0093,0.7135,MODERATE_SIMILARITY
Postmodern architecture,ARC_0092,ARC_0094,0.7165,MODERATE_SIMILARITY
Postmodern architecture,ARC_0092,ARC_0095,0.7483,MODERATE_SIMILARITY
Postmodern architecture,ARC_0092,ARC_0096,0.7359,MODERATE_SIMILARITY
Postmodern architecture,ARC_0092,ARC_0097,0.7418,MODERATE_SIMILARITY
Postmodern architecture,ARC_0092,ARC_0098,0.7438,MODERATE_SIMILARITY
Postmodern architecture,ARC_0092,ARC_0099,0.7634,HIGH_SIMILARITY
Postmodern architecture,ARC_0092,ARC_0100,0.7017,MODERATE_SIMILARITY
Postmodern architecture,ARC_0092,ARC_0102,0.7355,MODERATE_SIMILARITY
Postmodern architecture,ARC_0092,ARC_0103,0.7065,MODERATE_SIMILARITY
Postmodern architecture,ARC_0092,ARC_0105,0.7309,MODERATE_SIMILARITY
Postmodern architecture,ARC_0092,ARC_0106,0.7107,MODERATE_SIMILARITY
Postmodern architecture,ARC_0092,ARC_0107,0.7171,MODERATE_SIMILARITY
Postmodern architecture,ARC_0092,ARC_0108,0.7253,MODERATE_SIMILARITY
Postmodern architecture,ARC_0092,ARC_0111,0.7143,MODERATE_SIMILARITY
Postmodern architecture,ARC_0092,ARC_0112,0.7633,HIGH_SIMILARITY
Postmodern architecture,ARC_0094,ARC_0095,0.8079,HIGH_SIMILARITY
Postmodern architecture,ARC_0094,ARC_0097,0.7097,MODERATE_SIMILARITY
Postmodern architecture,ARC_0094,ARC_0099,0.7848,HIGH_SIMILARITY
Postmodern architecture,ARC_0094,ARC_0100,0.8289,HIGH_SIMILARITY
Postmodern architecture,ARC_0094,ARC_0101,0.708,MODERATE_SIMILARITY
Postmodern architecture,ARC_0094,ARC_0102,0.7683,HIGH_SIMILARITY
Postmodern architecture,ARC_0094,ARC_0105,0.7825,HIGH_SIMILARITY
Postmodern architecture,ARC_0094,ARC_0108,0.7136,MODERATE_SIMILARITY
Postmodern architecture,ARC_0094,ARC_0110,0.7682,HIGH_SIMILARITY
Postmodern architecture,ARC_0094,ARC_0111,0.7507,HIGH_SIMILARITY
Postmodern architecture,ARC_0094,ARC_0112,0.8328,HIGH_SIMILARITY
Postmodern architecture,ARC_0095,ARC_0096,0.7161,MODERATE_SIMILARITY
Postmodern architecture,ARC_0095,ARC_0097,0.7351,MODERATE_SIMILARITY
Postmodern architecture,ARC_0095,ARC_0099,0.826,HIGH_SIMILARITY
Postmodern architecture,ARC_0095,ARC_0100,0.7489,MODERATE_SIMILARITY
Postmodern architecture,ARC_0095,ARC_0102,0.795,HIGH_SIMILARITY
Postmodern architecture,ARC_0095,ARC_0105,0.8864,VERY_HIGH_SIMILARITY
Postmodern architecture,ARC_0095,ARC_0108,0.7415,MODERATE_SIMILARITY
Postmodern architecture,ARC_0095,ARC_0109,0.7128,MODERATE_SIMILARITY
Postmodern architecture,ARC_0095,ARC_0110,0.8453,HIGH_SIMILARITY
Postmodern architecture,ARC_0095,ARC_0111,0.7179,MODERATE_SIMILARITY
Postmodern architecture,ARC_0095,ARC_0112,0.8,HIGH_SIMILARITY
Postmodern architecture,ARC_0096,ARC_0097,0.7021,MODERATE_SIMILARITY
Postmodern architecture,ARC_0096,ARC_0098,0.7894,HIGH_SIMILARITY
Postmodern architecture,ARC_0096,ARC_0099,0.7088,MODERATE_SIMILARITY
Postmodern architecture,ARC_0096,ARC_0102,0.7327,MODERATE_SIMILARITY
Postmodern architecture,ARC_0096,ARC_0105,0.7159,MODERATE_SIMILARITY
Postmodern architecture,ARC_0096,ARC_0108,0.7622,HIGH_SIMILARITY
Postmodern architecture,ARC_0096,ARC_0109,0.8946,VERY_HIGH_SIMILARITY
Postmodern architecture,ARC_0096,ARC_0110,0.7173,MODERATE_SIMILARITY
Postmodern architecture,ARC_0097,ARC_0099,0.7053,MODERATE_SIMILARITY
Postmodern architecture,ARC_0097,ARC_0100,0.7284,MODERATE_SIMILARITY
Postmodern architecture,ARC_0097,ARC_0102,0.7542,HIGH_SIMILARITY
Postmodern architecture,ARC_0097,ARC_0105,0.7789,HIGH_SIMILARITY
Postmodern architecture,ARC_0097,ARC_0106,0.7778,HIGH_SIMILARITY
Postmodern architecture,ARC_0097,ARC_0108,0.743,MODERATE_SIMILARITY
Postmodern architecture,ARC_0097,ARC_0110,0.7358,MODERATE_SIMILARITY
Postmodern architecture,ARC_0097,ARC_0111,0.7358,MODERATE_SIMILARITY
Postmodern architecture,ARC_0097,ARC_0112,0.75,HIGH_SIMILARITY
Postmodern architecture,ARC_0098,ARC_0102,0.7471,MODERATE_SIMILARITY
Postmodern architecture,ARC_0098,ARC_0108,0.7886,HIGH_SIMILARITY
Postmodern architecture,ARC_0098,ARC_0109,0.7696,HIGH_SIMILARITY
Postmodern architecture,ARC_0099,ARC_0101,0.7014,MODERATE_SIMILARITY
Postmodern architecture,ARC_0099,ARC_0102,0.7595,HIGH_SIMILARITY
Postmodern architecture,ARC_0099,ARC_0105,0.7836,HIGH_SIMILARITY
Postmodern architecture,ARC_0099,ARC_0110,0.7518,HIGH_SIMILARITY
Postmodern architecture,ARC_0099,ARC_0111,0.732,MODERATE_SIMILARITY
Postmodern architecture,ARC_0099,ARC_0112,0.763,HIGH_SIMILARITY
Postmodern architecture,ARC_0100,ARC_0101,0.7146,MODERATE_SIMILARITY
Postmodern architecture,ARC_0100,ARC_0102,0.7994,HIGH_SIMILARITY
Postmodern architecture,ARC_0100,ARC_0105,0.7221,MODERATE_SIMILARITY
Postmodern architecture,ARC_0100,ARC_0108,0.729,MODERATE_SIMILARITY
Postmodern architecture,ARC_0100,ARC_0110,0.7996,HIGH_SIMILARITY
Postmodern architecture,ARC_0100,ARC_0111,0.7974,HIGH_SIMILARITY
Postmodern architecture,ARC_0100,ARC_0112,0.7904,HIGH_SIMILARITY
Postmodern architecture,ARC_0102,ARC_0103,0.7275,MODERATE_SIMILARITY
Postmodern architecture,ARC_0102,ARC_0104,0.7088,MODERATE_SIMILARITY
Postmodern architecture,ARC_0102,ARC_0105,0.7574,HIGH_SIMILARITY
Postmodern architecture,ARC_0102,ARC_0106,0.7267,MODERATE_SIMILARITY
Postmodern architecture,ARC_0102,ARC_0107,0.7458,MODERATE_SIMILARITY
Postmodern architecture,ARC_0102,ARC_0108,0.745,MODERATE_SIMILARITY
Postmodern architecture,ARC_0102,ARC_0109,0.7166,MODERATE_SIMILARITY
Postmodern architecture,ARC_0102,ARC_0110,0.8298,HIGH_SIMILARITY
Postmodern architecture,ARC_0102,ARC_0111,0.7611,HIGH_SIMILARITY
Postmodern architecture,ARC_0102,ARC_0112,0.745,MODERATE_SIMILARITY
Postmodern architecture,ARC_0104,ARC_0111,0.7328,MODERATE_SIMILARITY
Postmodern architecture,ARC_0105,ARC_0106,0.7052,MODERATE_SIMILARITY
Postmodern architecture,ARC_0105,ARC_0108,0.7048,MODERATE_SIMILARITY
Postmodern architecture,ARC_0105,ARC_0109,0.7135,MODERATE_SIMILARITY
Postmodern architecture,ARC_0105,ARC_0110,0.7565,HIGH_SIMILARITY
Postmodern architecture,ARC_0105,ARC_0112,0.7527,HIGH_SIMILARITY
Postmodern architecture,ARC_0106,ARC_0107,0.7163,MODERATE_SIMILARITY
Postmodern architecture,ARC_0106,ARC_0111,0.7025,MODERATE_SIMILARITY
Postmodern architecture,ARC_0106,ARC_0112,0.7137,MODERATE_SIMILARITY
Postmodern architecture,ARC_0108,ARC_0109,0.7794,HIGH_SIMILARITY
Postmodern architecture,ARC_0108,ARC_0110,0.715,MODERATE_SIMILARITY
Postmodern architecture,ARC_0108,ARC_0111,0.7435,MODERATE_SIMILARITY
Postmodern architecture,ARC_0108,ARC_0112,0.7497,MODERATE_SIMILARITY
Postmodern architecture,ARC_0110,ARC_0111,0.7002,MODERATE_SIMILARITY
Postmodern architecture,ARC_0110,ARC_0112,0.7605,HIGH_SIMILARITY
Postmodern architecture,ARC_0111,ARC_0112,0.7432,MODERATE_SIMILARITY
