image_id,filename,width,height,aspect_ratio,file_size_bytes,image_format,color_mode,readable,in_master_csv,error_notes
ARC_0001,ARC_0001.jpg,1536,1024,1.50,472828,JPEG,RGB,True,True,
ARC_0002,ARC_0002.jpg,1365,1024,1.33,699308,JPEG,RGB,True,True,
ARC_0003,ARC_0003.jpg,1024,1024,1.00,329175,JPEG,RGB,True,True,
ARC_0004,ARC_0004.jpg,1574,1024,1.54,707067,JPEG,RGB,True,True,
ARC_0005,ARC_0005.jpg,1536,1024,1.50,617854,JPEG,RGB,True,True,
ARC_0006,ARC_0006.jpg,1536,1024,1.50,724153,JPEG,RGB,True,True,
ARC_0007,ARC_0007.jpg,1536,1024,1.50,606211,JPEG,RGB,True,True,
ARC_0008,ARC_0008.jpg,1365,1024,1.33,440645,JPEG,RGB,True,True,
ARC_0009,ARC_0009.jpg,1639,1024,1.60,785211,JPEG,RGB,True,True,
ARC_0010,ARC_0010.jpg,1365,1024,1.33,457585,JPEG,RGB,True,True,
ARC_0011,ARC_0011.jpg,1024,1360,0.75,702567,JPEG,RGB,True,True,
ARC_0012,ARC_0012.jpg,1024,1360,0.75,711321,JPEG,RGB,True,True,
ARC_0013,ARC_0013.jpg,1360,1024,1.33,628332,JPEG,RGB,True,True,
ARC_0014,ARC_0014.jpg,1024,1360,0.75,636717,JPEG,RGB,True,True,
ARC_0015,ARC_0015.jpg,1024,1360,0.75,583917,JPEG,RGB,True,True,
ARC_0016,ARC_0016.jpg,1365,1024,1.33,551511,JPEG,RGB,True,True,
ARC_0017,ARC_0017.jpg,1365,1024,1.33,672342,JPEG,RGB,True,True,
ARC_0018,ARC_0018.jpg,1365,1024,1.33,505129,JPEG,RGB,True,True,
ARC_0019,ARC_0019.jpg,1024,1111,0.92,403015,JPEG,RGB,True,True,
ARC_0020,ARC_0020.jpg,1024,1365,0.75,579928,JPEG,RGB,True,True,
ARC_0021,ARC_0021.jpg,1301,1024,1.27,435324,JPEG,RGB,True,True,
ARC_0022,ARC_0022.jpg,1365,1024,1.33,301793,JPEG,RGB,True,True,
ARC_0023,ARC_0023.jpg,1365,1024,1.33,428834,JPEG,RGB,True,True,
ARC_0024,ARC_0024.jpg,1820,1024,1.78,843833,JPEG,RGB,True,True,
ARC_0025,ARC_0025.jpg,1365,1024,1.33,421025,JPEG,RGB,True,True,
ARC_0026,ARC_0026.jpg,1024,1365,0.75,455180,JPEG,RGB,True,True,
ARC_0027,ARC_0027.jpg,1024,1316,0.78,517457,JPEG,RGB,True,True,
ARC_0028,ARC_0028.jpg,1024,1240,0.83,398342,JPEG,RGB,True,True,
ARC_0029,ARC_0029.jpg,1000,1000,1.00,213719,JPEG,RGB,True,True,
ARC_0030,ARC_0030.jpg,1000,1000,1.00,190589,JPEG,RGB,True,True,
ARC_0031,ARC_0031.jpg,1000,953,1.05,334057,JPEG,RGB,True,True,
ARC_0032,ARC_0032.jpg,936,936,1.00,202124,JPEG,RGB,True,True,
ARC_0033,ARC_0033.jpg,789,1000,0.79,164792,JPEG,RGB,True,True,
ARC_0034,ARC_0034.jpg,1024,768,1.33,442251,JPEG,RGB,True,True,
ARC_0035,ARC_0035.jpg,1024,768,1.33,390983,JPEG,RGB,True,True,
ARC_0036,ARC_0036.jpg,1024,768,1.33,331851,JPEG,RGB,True,True,
ARC_0037,ARC_0037.jpg,1024,768,1.33,310042,JPEG,RGB,True,True,
ARC_0038,ARC_0038.jpg,1024,768,1.33,297958,JPEG,RGB,True,True,
ARC_0039,ARC_0039.jpg,768,1024,0.75,256274,JPEG,RGB,True,True,
ARC_0040,ARC_0040.jpg,1024,768,1.33,251152,JPEG,RGB,True,True,
ARC_0041,ARC_0041.jpg,1024,768,1.33,206763,JPEG,RGB,True,True,
ARC_0042,ARC_0042.jpg,768,1024,0.75,189312,JPEG,RGB,True,True,
ARC_0043,ARC_0043.jpg,1036,768,1.35,222363,JPEG,RGB,True,True,
ARC_0044,ARC_0044.jpg,1045,768,1.36,340983,JPEG,RGB,True,True,
ARC_0045,ARC_0045.jpg,768,768,1.00,185976,JPEG,RGB,True,True,
ARC_0046,ARC_0046.jpg,1067,768,1.39,448681,JPEG,RGB,True,True,
ARC_0047,ARC_0047.jpg,1067,768,1.39,241787,JPEG,RGB,True,True,
ARC_0048,ARC_0048.jpg,1068,768,1.39,282132,JPEG,RGB,True,True,
ARC_0049,ARC_0049.jpg,1076,768,1.40,238403,JPEG,RGB,True,True,
ARC_0050,ARC_0050.jpg,768,1060,0.72,272346,JPEG,RGB,True,True,
ARC_0051,ARC_0051.jpg,834,768,1.09,209359,JPEG,RGB,True,True,
ARC_0052,ARC_0052.jpg,1092,768,1.42,250051,JPEG,RGB,True,True,
ARC_0053,ARC_0053.jpg,1143,768,1.49,246710,JPEG,RGB,True,True,
ARC_0054,ARC_0054.jpg,1151,768,1.50,324311,JPEG,RGB,True,True,
ARC_0055,ARC_0055.jpg,1151,768,1.50,288215,JPEG,RGB,True,True,
ARC_0056,ARC_0056.jpg,1151,768,1.50,288160,JPEG,RGB,True,True,
ARC_0057,ARC_0057.jpg,1000,820,1.22,181710,JPEG,RGB,True,True,
ARC_0058,ARC_0058.jpg,785,1000,0.79,175357,JPEG,RGB,True,True,
ARC_0059,ARC_0059.jpg,768,1024,0.75,388822,JPEG,RGB,True,True,
ARC_0060,ARC_0060.jpg,1024,768,1.33,380381,JPEG,RGB,True,True,
ARC_0061,ARC_0061.jpg,1024,768,1.33,341415,JPEG,RGB,True,True,
ARC_0062,ARC_0062.jpg,768,1024,0.75,312225,JPEG,RGB,True,True,
ARC_0063,ARC_0063.jpg,1024,768,1.33,295853,JPEG,RGB,True,True,
ARC_0064,ARC_0064.jpg,1024,768,1.33,193924,JPEG,RGB,True,True,
ARC_0065,ARC_0065.jpg,1024,768,1.33,174658,JPEG,RGB,True,True,
ARC_0066,ARC_0066.jpg,1024,768,1.33,159714,JPEG,RGB,True,True,
ARC_0067,ARC_0067.jpg,1028,768,1.34,371975,JPEG,RGB,True,True,
ARC_0068,ARC_0068.jpg,768,768,1.00,127460,JPEG,RGB,True,True,
ARC_0069,ARC_0069.jpg,1058,768,1.38,166182,JPEG,RGB,True,True,
ARC_0070,ARC_0070.jpg,1076,768,1.40,274986,JPEG,RGB,True,True,
ARC_0071,ARC_0071.jpg,1092,768,1.42,372315,JPEG,RGB,True,True,
ARC_0072,ARC_0072.jpg,768,1026,0.75,305590,JPEG,RGB,True,True,
ARC_0073,ARC_0073.jpg,1026,768,1.34,290999,JPEG,RGB,True,True,
ARC_0074,ARC_0074.jpg,1150,768,1.50,470402,JPEG,RGB,True,True,
ARC_0075,ARC_0075.jpg,1151,768,1.50,539770,JPEG,RGB,True,True,
ARC_0076,ARC_0076.jpg,1151,768,1.50,495761,JPEG,RGB,True,True,
ARC_0077,ARC_0077.jpg,1151,768,1.50,470919,JPEG,RGB,True,True,
ARC_0078,ARC_0078.jpg,768,1151,0.67,407441,JPEG,RGB,True,True,
ARC_0079,ARC_0079.jpg,1151,768,1.50,319502,JPEG,RGB,True,True,
ARC_0080,ARC_0080.jpg,1151,768,1.50,303937,JPEG,RGB,True,True,
ARC_0081,ARC_0081.jpg,1151,768,1.50,290467,JPEG,RGB,True,True,
ARC_0082,ARC_0082.jpg,1155,768,1.50,398994,JPEG,RGB,True,True,
ARC_0083,ARC_0083.jpg,1155,768,1.50,239336,JPEG,RGB,True,True,
ARC_0084,ARC_0084.jpg,768,1157,0.66,348568,JPEG,RGB,True,True,
ARC_0085,ARC_0085.jpg,1000,1000,1.00,347234,JPEG,RGB,True,True,
ARC_0086,ARC_0086.jpg,1000,1000,1.00,257000,JPEG,RGB,True,True,
ARC_0087,ARC_0087.jpg,1000,913,1.10,316138,JPEG,RGB,True,True,
ARC_0088,ARC_0088.jpg,1000,903,1.11,194905,JPEG,RGB,True,True,
ARC_0089,ARC_0089.jpg,864,864,1.00,285986,JPEG,RGB,True,True,
ARC_0090,ARC_0090.jpg,812,1000,0.81,248839,JPEG,RGB,True,True,
ARC_0091,ARC_0091.jpg,800,933,0.86,255074,JPEG,RGB,True,True,
ARC_0092,ARC_0092.jpg,1000,800,1.25,189099,JPEG,RGB,True,True,
ARC_0093,ARC_0093.jpg,1000,772,1.30,192094,JPEG,RGB,True,True,
ARC_0094,ARC_0094.jpg,1024,768,1.33,391849,JPEG,RGB,True,True,
ARC_0095,ARC_0095.jpg,1024,768,1.33,257818,JPEG,RGB,True,True,
ARC_0096,ARC_0096.jpg,1024,768,1.33,243746,JPEG,RGB,True,True,
ARC_0097,ARC_0097.jpg,768,1024,0.75,235360,JPEG,RGB,True,True,
ARC_0098,ARC_0098.jpg,1043,768,1.36,276210,JPEG,RGB,True,True,
ARC_0099,ARC_0099.jpg,842,768,1.10,356659,JPEG,RGB,True,True,
ARC_0100,ARC_0100.jpg,768,1076,0.71,264257,JPEG,RGB,True,True,
ARC_0101,ARC_0101.jpg,768,1086,0.71,286729,JPEG,RGB,True,True,
ARC_0102,ARC_0102.jpg,1086,768,1.41,289139,JPEG,RGB,True,True,
ARC_0103,ARC_0103.jpg,1103,768,1.44,408497,JPEG,RGB,True,True,
ARC_0104,ARC_0104.jpg,1126,768,1.47,325579,JPEG,RGB,True,True,
ARC_0105,ARC_0105.jpg,1092,768,1.42,269863,JPEG,RGB,True,True,
ARC_0106,ARC_0106.jpg,1024,768,1.33,358990,JPEG,RGB,True,True,
ARC_0107,ARC_0107.jpg,1150,768,1.50,262599,JPEG,RGB,True,True,
ARC_0108,ARC_0108.jpg,1151,768,1.50,300221,JPEG,RGB,True,True,
ARC_0109,ARC_0109.jpg,1151,768,1.50,307441,JPEG,RGB,True,True,
ARC_0110,ARC_0110.jpg,1151,768,1.50,291942,JPEG,RGB,True,True,
ARC_0111,ARC_0111.jpg,1151,768,1.50,215011,JPEG,RGB,True,True,
ARC_0112,ARC_0112.jpg,1153,768,1.50,310031,JPEG,RGB,True,True,
